Administrative,Administrative_Duration,Informational,Informational_Duration,ProductRelated,ProductRelated_Duration,BounceRates,ExitRates,PageValues,SpecialDay,Month,OperatingSystems,Browser,Region,TrafficType,VisitorType,Weekend
0,0.0,0,0.0,6,551.0,0.033333333,0.05,0.0,0.0,Mar,1,1,3,1,Returning_Visitor,False
0,0.0,0,0.0,1,0.0,0.2,0.2,0.0,0.0,May,1,1,1,3,Returning_Visitor,False
1,41.0,0,0.0,43,1087.25,0.0,0.013636364,0.0,0.0,Mar,4,2,1,1,Returning_Visitor,False
0,0.0,0,0.0,47,636.7,0.0,0.0,0.0,0.0,Aug,2,4,1,2,New_Visitor,False
5,269.8,0,0.0,8,312.3333333,0.0,0.01,0.0,0.0,Nov,1,1,9,4,Returning_Visitor,False
1,29.0,0,0.0,25,381.3571429,0.0,0.004166667,0.0,0.8,May,2,2,1,2,New_Visitor,False
0,0.0,0,0.0,12,442.5,0.0,0.008333333,0.0,0.0,Nov,2,2,1,2,New_Visitor,False
7,40.5,0,0.0,39,743.0119048,0.0,0.01,0.0,0.0,May,2,2,1,3,Returning_Visitor,True
0,0.0,0,0.0,1,0.0,0.2,0.2,0.0,0.0,Nov,4,1,1,3,Returning_Visitor,False
7,150.375,0,0.0,7,219.5833333,0.0,0.018181818,0.0,0.0,Dec,1,1,1,2,Returning_Visitor,True
1,68.0,0,0.0,55,4277.0,0.003636364,0.021212121,7.291757576,0.0,May,1,1,1,1,Returning_Visitor,True
0,0.0,0,0.0,1,0.0,0.2,0.2,0.0,0.0,May,1,1,1,20,Returning_Visitor,False
3,58.33333333,0,0.0,9,229.6666667,0.033333333,0.041666667,0.0,0.0,May,1,8,3,1,Returning_Visitor,True
3,36.0,1,62.0,19,924.3333333,0.0,0.004761905,0.0,0.0,Mar,2,2,1,2,New_Visitor,False
0,0.0,0,0.0,30,484.672619,0.0,0.018965517,0.0,0.0,Mar,2,6,7,1,Returning_Visitor,False
0,0.0,0,0.0,4,21.0,0.1,0.15,0.0,0.6,May,2,2,1,3,Returning_Visitor,False
4,59.25,0,0.0,9,139.25,0.015384615,0.031538462,0.0,0.0,Mar,3,2,1,2,Returning_Visitor,False
5,136.0,1,13.0,85,2155.653752,0.005998168,0.019225201,3.920321611,0.0,Nov,1,1,1,2,Returning_Visitor,True
1,75.0,4,250.6666667,44,1679.833333,0.0,0.001086957,45.8293144,0.0,Mar,2,2,1,2,New_Visitor,True
0,0.0,0,0.0,18,1259.0,0.010526316,0.033684211,0.0,0.0,May,2,2,1,1,Returning_Visitor,False
0,0.0,0,0.0,4,46.25,0.0,0.1,0.0,0.0,Nov,1,1,1,2,Returning_Visitor,False
0,0.0,0,0.0,6,364.5,0.077777778,0.072222222,0.0,0.6,May,3,2,4,3,Returning_Visitor,False
0,0.0,0,0.0,22,887.3547619,0.01,0.0145,0.0,0.0,May,3,2,8,2,Returning_Visitor,False
1,70.0,0,0.0,24,496.6666667,0.0,0.002173913,0.0,0.0,May,1,1,1,2,New_Visitor,False
0,0.0,3,70.0,7,110.0,0.04,0.07,0.0,0.0,May,1,1,2,3,Returning_Visitor,False
3,133.8666667,0,0.0,7,128.0,0.0,0.026666667,0.0,0.0,Oct,1,2,1,1,Returning_Visitor,True
5,134.75,3,16.0,165,6323.853465,0.010654414,0.02804138,3.512852934,0.0,Nov,1,1,1,2,Returning_Visitor,False
1,12.0,1,11.0,74,6194.852381,0.015540541,0.032152607,0.0,0.0,Nov,2,2,9,13,Returning_Visitor,False
0,0.0,0,0.0,72,2304.15,0.008450704,0.020355466,3.178183427,0.0,Nov,3,2,1,2,Returning_Visitor,False
7,111.0833333,0,0.0,24,431.5,0.008,0.012,0.0,0.0,Dec,1,1,1,3,Returning_Visitor,False
6,91.98484848,3,58.95238095,54,2407.322811,0.003448276,0.010418719,0.0,0.0,May,3,2,3,4,Returning_Visitor,False
0,0.0,0,0.0,19,1138.793636,0.0,0.007017544,0.0,0.0,Aug,2,4,3,2,Returning_Visitor,False
0,0.0,0,0.0,7,34.0,0.114285714,0.142857143,0.0,0.8,May,2,6,6,13,Returning_Visitor,False
8,2086.75,1,46.5,81,5546.0,0.002325581,0.014562569,15.56462164,0.0,Nov,2,2,1,2,Returning_Visitor,False
0,0.0,0,0.0,12,213.2833333,0.016666667,0.041666667,0.0,0.0,Aug,3,2,3,4,Returning_Visitor,False
0,0.0,0,0.0,15,1677.178571,0.026666667,0.060444444,0.0,0.0,Nov,3,2,4,2,Returning_Visitor,True
0,0.0,0,0.0,60,967.25,0.006779661,0.025141243,0.0,0.6,May,2,4,3,3,Returning_Visitor,False
0,0.0,0,0.0,8,102.75,0.0,0.066666667,0.0,0.0,Dec,2,2,9,6,Returning_Visitor,False
0,0.0,0,0.0,10,314.75,0.006666667,0.046666667,0.0,0.0,Nov,4,2,9,3,Returning_Visitor,False
0,0.0,0,0.0,8,125.0,0.0,0.025,0.0,0.0,May,2,2,1,1,Returning_Visitor,True
3,319.4,1,251.8,53,2525.307766,0.0,0.010606061,52.97841866,0.0,Jul,2,2,9,4,Returning_Visitor,False
0,0.0,0,0.0,11,257.75,0.0,0.024242424,0.0,0.0,Dec,3,2,2,2,New_Visitor,False
0,0.0,0,0.0,8,64.6,0.05,0.075,0.0,0.0,Jul,2,2,2,13,Returning_Visitor,False
0,0.0,0,0.0,1,0.0,0.2,0.2,0.0,0.4,May,1,1,3,3,Returning_Visitor,False
2,40.8,0,0.0,45,1668.125238,0.004444444,0.024107744,47.57360345,0.0,Sep,1,1,4,2,Returning_Visitor,False
1,43.5,3,230.1666667,93,3773.715179,0.004123711,0.018162523,17.77043431,0.0,Nov,2,2,1,2,Returning_Visitor,False
8,221.33,2,70.6,63,5245.277619,0.002739726,0.020091324,0.0,0.0,Nov,2,2,3,1,Returning_Visitor,False
4,155.5,0,0.0,13,474.8333333,0.0,0.00625,0.0,0.0,Mar,3,2,1,1,Returning_Visitor,False
4,93.75,0,0.0,70,2161.388889,0.008767123,0.017491169,0.0,0.0,Nov,1,1,1,2,Returning_Visitor,False
12,393.2666667,0,0.0,15,366.5833333,0.00952381,0.013809524,0.0,0.0,Dec,2,4,6,1,New_Visitor,False
0,0.0,1,0.0,16,485.6666667,0.0,0.0375,0.0,0.0,Mar,2,2,6,3,Returning_Visitor,True
0,0.0,0,0.0,1,612.0,0.0,0.1,0.0,0.0,May,1,1,1,3,Returning_Visitor,False
0,0.0,0,0.0,16,371.5,0.0125,0.025,0.0,0.0,Mar,2,5,7,1,Returning_Visitor,False
1,5.5,0,0.0,22,339.25,0.0,0.026984127,0.0,0.0,Mar,2,2,2,3,Returning_Visitor,False
0,0.0,0,0.0,11,229.9166667,0.018181818,0.040909091,0.0,0.0,Nov,3,2,4,1,Returning_Visitor,True
0,0.0,0,0.0,23,1134.5,0.066459627,0.102717391,0.0,0.8,May,2,5,1,11,Returning_Visitor,False
0,0.0,0,0.0,4,97.0,0.0,0.05,0.0,0.0,Mar,2,2,2,1,Returning_Visitor,False
4,265.0,0,0.0,22,616.2033333,0.003846154,0.010470085,0.0,0.0,Nov,3,2,6,2,Returning_Visitor,True
2,49.0,1,127.0,4,188.0,0.033333333,0.0375,0.0,0.0,Mar,3,2,3,2,Returning_Visitor,False
0,0.0,0,0.0,12,1012.2,0.0,0.033333333,0.0,0.0,Jul,2,2,7,4,Returning_Visitor,False
1,28.0,0,0.0,14,924.0,0.014285714,0.028571429,0.0,0.0,May,1,1,3,4,Returning_Visitor,True
6,158.6704505,1,430.2,146,5602.006712,0.002671513,0.00935218,6.711290592,0.0,Nov,2,10,7,2,Returning_Visitor,False
0,0.0,0,0.0,14,404.3392857,0.0,0.033333333,0.0,0.0,Dec,1,8,3,20,Returning_Visitor,True
4,62.66666667,0,0.0,82,1805.277375,0.0,0.023295607,0.0,0.0,Dec,1,1,2,2,Returning_Visitor,False
1,42.0,0,0.0,19,682.1333333,0.0,0.021666667,14.14050684,0.0,Dec,1,1,4,10,Returning_Visitor,False
2,52.0,0,0.0,24,427.0833333,0.026388889,0.059722222,0.0,0.0,Mar,2,2,1,1,Returning_Visitor,False
0,0.0,0,0.0,17,315.3,0.0,0.027843137,0.0,0.0,Nov,1,1,2,3,Returning_Visitor,False
8,108.5,0,0.0,53,1287.852778,0.003389831,0.027514124,0.0,0.0,Dec,2,2,1,2,Returning_Visitor,False
8,375.12,0,0.0,13,288.7133333,0.0,0.003588517,0.0,0.0,Sep,3,2,4,3,New_Visitor,False
2,144.0,0,0.0,25,1711.333333,0.0,0.008,0.0,0.0,May,2,2,1,1,Returning_Visitor,False
0,0.0,0,0.0,11,169.375,0.0,0.018181818,0.0,0.0,Dec,3,2,3,1,Returning_Visitor,False
3,39.0,0,0.0,6,1180.5,0.0,0.022222222,0.0,0.0,May,2,2,1,3,Returning_Visitor,False
0,0.0,0,0.0,3,20.0,0.0,0.066666667,0.0,0.0,Mar,2,2,2,1,Returning_Visitor,True
1,17.0,4,32.0,11,948.0,0.013333333,0.016666667,25.484,0.6,May,2,2,1,6,Returning_Visitor,False
3,515.0,0,0.0,29,3229.169841,0.003225806,0.033064516,15.65808387,0.0,May,1,1,1,1,Returning_Visitor,False
0,0.0,0,0.0,2,210.0,0.0,0.1,0.0,0.0,Mar,3,2,1,2,Returning_Visitor,False
0,0.0,0,0.0,1,0.0,0.2,0.2,0.0,0.0,Mar,3,2,1,3,Returning_Visitor,True
6,49.18333333,0,0.0,44,1065.501515,0.006333333,0.036774359,53.22268667,0.4,May,2,2,2,2,Returning_Visitor,False
0,0.0,0,0.0,13,328.9,0.015384615,0.046153846,0.0,0.0,June,2,2,3,3,Returning_Visitor,False
0,0.0,0,0.0,33,1475.254167,0.0,0.015530303,9.429362483,0.0,Nov,3,2,4,2,Returning_Visitor,True
5,179.5,0,0.0,36,1792.8,0.0,0.004390244,0.0,0.0,Mar,2,2,3,10,Returning_Visitor,False
3,53.25,1,77.0,198,3057.809524,0.0,0.002734559,11.97910693,0.0,May,4,1,5,1,Returning_Visitor,True
0,0.0,1,0.0,15,181.5,0.0125,0.05,0.0,0.0,May,2,5,3,3,Returning_Visitor,False
6,1672.033333,0,0.0,28,518.3966667,0.006060606,0.013333333,0.0,0.0,Oct,2,2,3,2,Returning_Visitor,True
7,196.0,3,138.5,11,227.5,0.0,0.006666667,0.0,0.0,Mar,3,2,5,8,New_Visitor,True
0,0.0,0,0.0,1,0.0,0.2,0.2,0.0,0.0,Dec,8,13,9,20,Other,False
0,0.0,0,0.0,2,83.0,0.0,0.05,0.0,0.6,May,1,2,2,4,New_Visitor,False
2,27.46666667,3,245.8,28,524.06,0.02,0.054666667,20.42600013,0.0,Oct,2,2,7,1,Returning_Visitor,False
0,0.0,2,13.0,45,3740.291667,0.012765957,0.041884498,0.0,0.0,Dec,2,10,1,1,Returning_Visitor,True
3,131.0,0,0.0,8,117.6666667,0.0,0.006666667,0.0,0.0,May,1,1,4,5,New_Visitor,True
0,0.0,0,0.0,39,609.5,0.0,0.005128205,0.0,0.0,Mar,2,2,2,2,Returning_Visitor,True
2,47.4,0,0.0,14,478.6,0.04375,0.079166667,0.0,0.0,Jul,4,1,1,4,Returning_Visitor,True
0,0.0,0,0.0,55,1933.423611,0.001818182,0.017355372,0.0,0.0,Nov,2,2,1,2,Returning_Visitor,False
13,407.57,0,0.0,146,2650.780526,0.0,0.011184211,0.0,0.0,Oct,4,1,1,2,Returning_Visitor,True
2,46.33333333,0,0.0,11,177.4047619,0.016666667,0.038194444,0.0,0.0,May,3,2,5,4,Returning_Visitor,False
11,326.4946809,0,0.0,92,4637.53842,0.0005,0.011495239,17.28402947,0.0,Nov,4,1,4,3,Returning_Visitor,False
4,309.0,0,0.0,27,877.5,0.0,0.007407407,44.47733333,0.0,May,1,1,1,4,New_Visitor,False
0,0.0,0,0.0,2,107.8,0.0,0.1,0.0,0.0,Aug,2,2,5,13,Returning_Visitor,False
5,129.5,0,0.0,33,982.0,0.0,0.005882353,0.0,0.0,May,2,5,2,4,Returning_Visitor,True
5,263.0,0,0.0,3,212.0,0.0,0.028571429,0.0,0.0,Mar,1,1,9,8,New_Visitor,False
2,167.4,0,0.0,8,191.15,0.0,0.02,0.0,0.0,Oct,1,1,6,2,New_Visitor,False
0,0.0,0,0.0,40,1161.9,0.055,0.08,0.0,0.0,Sep,1,8,6,1,Returning_Visitor,False
0,0.0,0,0.0,14,502.9166667,0.0,0.021428571,0.0,0.0,Dec,1,1,2,1,Returning_Visitor,False
2,196.6,0,0.0,31,1514.3,0.036363636,0.066666667,0.0,0.0,Aug,1,8,7,1,Returning_Visitor,True
0,0.0,0,0.0,1,0.0,0.2,0.2,0.0,0.4,May,2,2,1,13,Returning_Visitor,False
0,0.0,0,0.0,27,1115.75,0.015384615,0.034615385,0.0,0.0,May,2,2,1,13,Returning_Visitor,False
7,234.9285714,10,902.5,131,6050.883117,0.002857143,0.012557561,0.0,0.0,Dec,2,2,1,2,Returning_Visitor,False
1,5.0,2,33.3,16,521.5,0.010526316,0.021052632,0.0,0.0,Jul,2,2,7,1,Returning_Visitor,False
0,0.0,0,0.0,1,36.0,0.0,0.066666667,0.0,0.0,Mar,3,2,6,2,Returning_Visitor,True
1,10.0,1,342.5,55,3165.958333,0.005660377,0.032620545,0.0,0.0,Dec,2,2,3,1,Returning_Visitor,True
0,0.0,0,0.0,62,1875.103333,0.003278689,0.027868852,12.71367924,0.0,Sep,2,4,1,1,Returning_Visitor,False
4,275.1,2,43.4,31,1108.653333,0.006060606,0.012121212,0.0,0.0,Sep,3,2,1,13,Returning_Visitor,True
0,0.0,0,0.0,37,638.25,0.005555556,0.016666667,0.0,0.0,Nov,2,2,4,1,Returning_Visitor,False
5,217.6666667,0,0.0,18,494.6666667,0.0,0.019931973,33.14514286,0.0,Mar,3,2,1,2,Returning_Visitor,False
2,191.4,0,0.0,7,789.5333333,0.025,0.0375,0.0,0.0,Nov,3,3,3,5,Returning_Visitor,True
5,271.0,2,42.2,6,147.9,0.0,0.036363636,0.0,0.0,Aug,3,2,7,2,New_Visitor,True
2,13.0,0,0.0,19,637.4285714,0.00952381,0.042857143,13.1307834,0.0,Nov,2,2,1,3,Returning_Visitor,False
1,229.8,0,0.0,41,1083.716667,0.0,0.006666667,0.0,0.0,June,2,5,8,2,Returning_Visitor,False
4,323.5,0,0.0,10,320.75,0.0,0.015384615,0.0,0.0,Nov,2,2,6,2,New_Visitor,False
5,140.8,4,254.75,61,1740.052778,0.007179487,0.023796204,14.62413644,0.0,Nov,2,2,2,2,Returning_Visitor,True
0,0.0,0,0.0,3,33.2,0.0,0.066666667,0.0,0.0,June,1,1,3,1,Returning_Visitor,True
0,0.0,0,0.0,12,1145.416667,0.009090909,0.048484848,0.0,0.0,Nov,3,2,8,10,Returning_Visitor,True
0,0.0,0,0.0,18,356.5,0.0125,0.025,0.0,0.6,May,2,2,3,2,New_Visitor,False
0,0.0,0,0.0,5,279.0,0.0,0.04,0.0,0.0,Mar,2,2,2,1,Returning_Visitor,False
0,0.0,0,0.0,3,121.5,0.0,0.007407407,0.0,0.0,Nov,1,1,1,2,New_Visitor,True
2,46.0,0,0.0,13,195.0,0.0,0.008333333,0.0,0.0,May,2,2,1,4,Returning_Visitor,False
3,49.4,2,9.0,18,330.5333333,0.0,0.009090909,0.0,0.0,Sep,2,2,8,4,New_Visitor,True
9,210.6666667,3,127.0,55,1509.594444,0.006451613,0.02016129,14.68324522,0.0,Mar,2,5,1,2,Returning_Visitor,False
3,94.6,0,0.0,17,265.5,0.0,0.0,0.0,0.0,Oct,2,2,1,2,New_Visitor,False
0,0.0,0,0.0,22,282.0833333,0.045454545,0.063636364,0.0,0.0,Nov,2,2,4,1,Returning_Visitor,False
0,0.0,0,0.0,2,5.0,0.0,0.1,0.0,0.0,Mar,2,2,1,2,Returning_Visitor,False
0,0.0,0,0.0,12,282.75,0.016666667,0.052777778,0.0,0.0,Nov,2,2,1,13,Returning_Visitor,False
4,253.15,0,0.0,81,1839.13,0.01468254,0.018380231,0.0,0.0,Sep,3,2,3,13,Returning_Visitor,False
2,4.0,0,0.0,10,284.0,0.0,0.016666667,33.32834503,0.0,Mar,2,5,1,8,New_Visitor,False
0,0.0,0,0.0,3,48.5,0.0,0.066666667,0.0,0.0,Dec,4,1,1,2,Returning_Visitor,False
0,0.0,0,0.0,22,817.9590698,0.056060606,0.079518398,0.0,0.0,Sep,3,2,3,1,Returning_Visitor,True
0,0.0,0,0.0,18,541.9166667,0.0,0.015686275,0.0,0.0,Nov,3,2,1,2,New_Visitor,True
7,48.5,0,0.0,9,116.6666667,0.0,0.006666667,0.0,0.4,May,2,2,1,1,Returning_Visitor,False
0,0.0,0,0.0,12,94.5,0.033333333,0.025555556,0.0,0.0,Mar,3,2,4,11,Returning_Visitor,False
4,200.8333333,0,0.0,18,381.3333333,0.0,0.009090909,0.0,0.0,Mar,2,4,7,2,New_Visitor,True
5,238.375,0,0.0,24,2174.375,0.008928571,0.017460317,27.07791667,0.0,Mar,3,2,3,1,Returning_Visitor,False
0,0.0,0,0.0,15,203.35,0.025,0.066666667,0.0,0.0,Sep,2,2,3,3,Returning_Visitor,False
3,79.75,0,0.0,3,73.5,0.04,0.077777778,0.0,0.0,Mar,3,2,1,2,Returning_Visitor,False
5,825.0,0,0.0,33,808.1666667,0.0,0.005405405,20.85956757,0.0,Mar,2,4,9,10,New_Visitor,False
14,260.7361111,3,186.5,51,2921.902778,0.013661202,0.02989071,8.339171985,0.0,Nov,4,2,7,1,Returning_Visitor,True
1,10.0,0,0.0,12,220.2666667,0.0,0.02,60.622383,0.0,Nov,1,1,1,8,New_Visitor,True
7,2720.5,3,353.4,68,5943.547619,0.032236842,0.038623482,0.0,0.0,Jul,3,2,1,13,Returning_Visitor,False
8,194.2916667,5,759.5,23,1291.35119,0.013131313,0.020454545,41.67776195,0.0,Dec,3,3,1,2,Returning_Visitor,True
1,26.5,1,58.5,24,760.7632353,0.006153846,0.020512821,33.11000268,0.0,Nov,2,2,1,2,Returning_Visitor,False
9,344.0,0,0.0,22,1860.25,0.0,0.013095238,12.94438665,0.0,Dec,2,2,7,1,Returning_Visitor,False
1,156.2,0,0.0,3,50.4,0.0,0.0,92.97624144,0.0,Oct,2,2,7,2,Returning_Visitor,True
4,67.5,0,0.0,27,834.6666667,0.0,0.014285714,0.0,0.0,Nov,2,2,2,2,New_Visitor,True
0,0.0,0,0.0,12,460.2,0.061111111,0.111111111,0.0,0.0,Jul,2,2,6,4,Returning_Visitor,False
4,196.5,3,72.5,245,7569.248612,0.007646236,0.016468484,4.770910365,0.0,Nov,3,2,1,13,Returning_Visitor,True
0,0.0,0,0.0,112,6673.291392,0.0,0.008744589,5.468093499,0.0,Nov,2,4,1,3,Returning_Visitor,False
3,99.75,0,0.0,31,835.5833333,0.0,0.006451613,47.44850792,0.0,Nov,2,2,1,10,Returning_Visitor,False
0,0.0,0,0.0,1,0.0,0.2,0.2,0.0,0.0,Dec,8,13,9,20,Other,False
4,91.0,0,0.0,12,197.0,0.0,0.0375,0.0,0.0,Nov,2,2,1,2,New_Visitor,False
0,0.0,0,0.0,31,3888.166667,0.02,0.031111111,0.0,0.0,Mar,2,4,3,1,Returning_Visitor,False
0,0.0,0,0.0,7,604.0,0.0,0.033333333,53.988,0.0,May,2,5,3,2,New_Visitor,False
5,74.25,2,84.0,37,1599.083333,0.0,0.006578947,0.0,0.0,Mar,2,2,4,1,Returning_Visitor,False
0,0.0,0,0.0,6,916.25,0.0,0.006666667,0.0,0.0,May,2,2,9,2,Returning_Visitor,False
0,0.0,0,0.0,1,0.0,0.2,0.2,0.0,0.0,Mar,2,2,2,1,Returning_Visitor,False
1,54.5,0,0.0,26,531.5,0.007692308,0.023076923,44.92362122,0.0,Nov,2,2,3,2,Returning_Visitor,False
0,0.0,0,0.0,0,0.0,0.2,0.2,0.0,0.0,Nov,1,1,9,2,Returning_Visitor,False
0,0.0,0,0.0,5,89.86666667,0.04,0.06,0.0,0.0,Jul,3,2,5,4,Returning_Visitor,True
0,0.0,0,0.0,15,281.7380952,0.0,0.001923077,57.82473775,0.0,Nov,2,4,1,2,New_Visitor,False
0,0.0,0,0.0,11,126.6666667,0.072727273,0.090909091,0.0,0.4,May,1,1,1,3,Returning_Visitor,False
8,699.1666667,0,0.0,62,1003.965152,0.009850746,0.039110006,0.0,0.0,Mar,2,4,3,1,Returning_Visitor,False
6,65.41666667,0,0.0,29,1904.541667,0.004848485,0.026060606,0.0,0.0,Nov,1,1,2,8,Returning_Visitor,False
0,0.0,0,0.0,47,2032.272727,0.017021277,0.023877069,0.0,0.0,Nov,3,2,7,1,Returning_Visitor,True
8,204.1071429,0,0.0,15,347.7321429,0.0,0.012280702,18.08071442,0.0,Nov,1,1,1,2,New_Visitor,False
12,637.9388889,0,0.0,61,1797.298291,0.025147059,0.029877803,0.0,0.0,May,3,2,1,1,Returning_Visitor,False
1,9.0,1,82.0,93,3148.173939,0.021875,0.039475088,3.323971324,0.4,May,3,2,8,13,Returning_Visitor,False
1,14.0,0,0.0,30,1845.333333,0.027083333,0.042083333,12.6534375,0.0,May,3,2,3,1,Returning_Visitor,False
1,5.0,0,0.0,47,1480.233333,0.010416667,0.027824074,15.15643787,0.0,Nov,2,2,1,3,Returning_Visitor,True
0,0.0,0,0.0,12,337.0,0.0,0.006666667,19.37005896,0.0,Dec,2,5,4,1,Returning_Visitor,True
1,19.2,0,0.0,55,3134.066667,0.0,0.006666667,5.767419658,0.0,Aug,2,4,1,1,Returning_Visitor,True
0,0.0,0,0.0,20,289.75,0.0,0.025,0.0,0.0,May,1,1,4,3,Returning_Visitor,False
6,159.7,1,72.6,44,531.72,0.0,0.003921569,0.0,0.0,Oct,2,2,2,5,New_Visitor,False
5,68.66666667,0,0.0,11,126.5,0.01547619,0.032291667,0.0,0.0,May,2,2,4,2,Returning_Visitor,False
0,0.0,0,0.0,2,11.0,0.088888889,0.188888889,0.0,0.0,Dec,2,2,2,2,Returning_Visitor,True
0,0.0,0,0.0,7,72.25,0.114285714,0.142857143,0.0,0.0,Dec,1,1,4,3,Returning_Visitor,True
4,55.25,0,0.0,27,705.5,0.0,0.007901235,0.0,0.0,Nov,1,1,9,3,Returning_Visitor,False
4,65.0,0,0.0,26,501.8,0.0,0.014285714,0.0,0.0,Nov,2,2,9,2,New_Visitor,False
1,6.0,0,0.0,57,1836.775,0.0,0.004093567,0.0,0.0,Nov,2,2,7,2,Returning_Visitor,False
4,64.66666667,0,0.0,38,1445.666667,0.0,0.005263158,52.11335786,0.0,Nov,2,2,1,2,New_Visitor,False
0,0.0,0,0.0,36,1287.958333,0.034259259,0.073333333,0.0,0.0,Dec,2,2,1,3,Returning_Visitor,False
6,87.7,2,60.5,24,448.1945887,0.0,0.005747126,0.0,0.0,Nov,2,5,1,8,New_Visitor,False
0,0.0,0,0.0,6,467.0,0.0,0.016666667,0.0,0.4,Feb,1,1,3,3,Returning_Visitor,False
0,0.0,0,0.0,25,711.1666667,0.0,0.016,0.0,0.0,Dec,2,2,2,3,Returning_Visitor,False
0,0.0,0,0.0,1,0.0,0.2,0.2,0.0,0.0,Dec,2,2,1,13,Returning_Visitor,False
0,0.0,1,165.0,12,833.0,0.016666667,0.02,34.4925,0.8,May,3,2,8,4,Returning_Visitor,False
0,0.0,0,0.0,2,0.0,0.2,0.2,0.0,0.0,Nov,2,10,2,10,Returning_Visitor,False
0,0.0,0,0.0,1,0.0,0.2,0.2,0.0,0.0,June,2,4,3,4,New_Visitor,False
1,16.2,0,0.0,42,1369.7,0.0,0.01969697,11.33037122,0.0,Jul,2,5,3,3,Returning_Visitor,False
5,206.0,0,0.0,15,650.6961927,0.0,0.018487395,0.0,0.0,Mar,1,1,1,3,New_Visitor,False
0,0.0,1,37.2,37,2767.753333,0.005555556,0.015,0.0,0.0,Nov,2,2,2,2,Returning_Visitor,False
1,67.4,0,0.0,18,297.5,0.031578947,0.040350877,0.0,0.0,Oct,2,2,3,4,Returning_Visitor,False
0,0.0,0,0.0,10,150.8666667,0.0,0.02,0.0,0.0,Sep,1,1,6,2,Returning_Visitor,False
10,215.244507,2,245.1714286,101,3558.576942,0.008636364,0.012040588,30.87227217,0.0,Sep,3,2,1,2,Returning_Visitor,True
1,20.0,0,0.0,21,442.0,0.008695652,0.020289855,42.28127491,0.0,Nov,2,2,1,13,Returning_Visitor,False
2,31.0,0,0.0,20,583.0694444,0.0,0.01,0.0,0.0,Dec,4,2,1,2,Returning_Visitor,False
8,157.0,4,60.0,24,1192.5,0.015151515,0.033760684,5.689554113,0.0,May,2,2,1,7,Returning_Visitor,False
7,78.3,5,120.0,87,1363.263492,0.004301075,0.008090118,30.80927957,0.6,May,2,2,3,2,Returning_Visitor,False
1,43.4,0,0.0,29,432.0222222,0.0,0.006896552,0.0,0.0,Nov,1,1,1,3,New_Visitor,False
8,164.5833333,1,880.25,62,2587.150595,0.008333333,0.013161376,0.0,0.0,Dec,1,2,7,2,Returning_Visitor,False
9,306.46,0,0.0,40,550.7095238,0.0,0.00952381,0.0,0.0,Sep,2,2,1,2,Returning_Visitor,False
0,0.0,0,0.0,33,601.9714286,0.006451613,0.012903226,0.0,0.0,May,2,2,7,13,Returning_Visitor,False
5,143.8333333,1,55.0,19,1762.5,0.0,0.013461538,31.54642738,0.0,Mar,3,2,1,2,Returning_Visitor,False
0,0.0,0,0.0,15,549.0,0.08,0.126666667,0.0,0.0,Nov,2,10,1,3,Returning_Visitor,False
0,0.0,0,0.0,8,221.5,0.0,0.00625,0.0,0.0,Dec,1,1,1,2,New_Visitor,False
0,0.0,0,0.0,5,180.3333333,0.02,0.02,0.0,0.0,Mar,1,1,1,3,Returning_Visitor,True
3,23.0,2,10.16666667,85,1311.072012,0.002657807,0.015013618,0.0,1.0,May,3,2,1,3,Returning_Visitor,True
0,0.0,0,0.0,17,1731.625,0.0,0.035294118,0.0,0.0,Dec,2,2,1,3,Returning_Visitor,False
0,0.0,0,0.0,9,1040.0,0.077777778,0.116666667,0.0,0.0,Mar,2,4,3,1,Returning_Visitor,False
9,666.0,0,0.0,29,2061.066667,0.018918919,0.038918919,3.064378378,0.0,May,2,2,1,1,Returning_Visitor,False
0,0.0,0,0.0,5,57.0,0.0,0.04,0.0,0.6,May,2,2,3,1,Returning_Visitor,False
0,0.0,0,0.0,7,1264.833333,0.073376623,0.075604396,0.0,0.0,Dec,3,2,1,13,Returning_Visitor,False
0,0.0,0,0.0,7,129.25,0.0,0.033333333,0.0,0.0,Dec,1,1,4,2,New_Visitor,True
0,0.0,0,0.0,1,0.0,0.2,0.2,0.0,0.0,Mar,2,5,2,3,Returning_Visitor,False
6,110.5,1,20.0,137,5380.686996,0.005517241,0.021311846,1.963592426,0.0,Nov,2,4,3,10,Returning_Visitor,False
0,0.0,0,0.0,5,99.66666667,0.0,0.04,0.0,0.6,May,2,2,5,4,Returning_Visitor,False
0,0.0,0,0.0,7,289.5,0.0,0.014285714,0.0,0.0,Mar,1,1,1,1,Returning_Visitor,True
0,0.0,0,0.0,15,455.5,0.0,0.014285714,0.0,0.0,May,2,10,3,2,New_Visitor,False
0,0.0,0,0.0,26,2607.5,0.024,0.050933333,0.0,0.0,May,1,1,2,3,Returning_Visitor,False
0,0.0,0,0.0,24,255.3222222,0.025,0.038888889,0.0,0.6,May,2,2,8,1,Returning_Visitor,False
7,73.23333333,1,0.0,310,7710.731416,3.94e-05,0.00751105,0.098621403,0.0,Jul,4,1,1,4,Returning_Visitor,False
1,55.4,0,0.0,9,949.6,0.0,0.046666667,0.0,0.0,Oct,1,8,5,11,Returning_Visitor,False
3,60.0,0,0.0,66,2339.805556,0.012121212,0.034848485,0.0,0.0,Nov,2,2,1,2,Returning_Visitor,False
0,0.0,0,0.0,20,1958.833333,0.011111111,0.035185185,0.0,0.0,Nov,3,2,5,1,Returning_Visitor,False
0,0.0,0,0.0,7,117.5,0.0,0.033333333,0.0,0.0,May,4,2,8,3,Returning_Visitor,True
0,0.0,0,0.0,20,1017.5,0.005,0.033333333,0.0,0.0,Nov,2,2,1,1,Returning_Visitor,False
7,718.0,0,0.0,15,644.25,0.005263158,0.01754386,0.0,0.0,Nov,2,2,1,2,Returning_Visitor,False
0,0.0,0,0.0,6,112.7083333,0.04,0.023333333,0.0,0.0,Nov,3,2,6,11,New_Visitor,True
1,69.6,0,0.0,46,1292.449762,0.004347826,0.005555556,0.0,0.0,Aug,3,2,1,2,Returning_Visitor,True
0,0.0,0,0.0,1,695.5,0.0,0.1,0.0,0.0,Nov,2,2,4,1,Returning_Visitor,False
15,543.3549065,7,243.2833333,169,6920.973243,0.005268892,0.016769542,0.742942737,0.0,Nov,1,1,3,2,Returning_Visitor,True
3,89.25,0,0.0,8,67.85,0.018181818,0.033333333,0.0,0.0,June,2,2,8,1,Returning_Visitor,False
0,0.0,0,0.0,41,1444.166667,0.009756098,0.026829268,0.0,0.0,May,2,2,1,4,Returning_Visitor,False
0,0.0,0,0.0,8,92.25,0.041666667,0.066666667,0.0,0.0,Nov,3,2,4,13,Returning_Visitor,False
11,504.2833333,1,0.0,58,2451.058466,0.012365591,0.022769886,0.0,0.0,Dec,3,2,1,1,Returning_Visitor,False
0,0.0,0,0.0,6,317.5,0.0,0.04,0.0,0.0,May,1,1,3,4,New_Visitor,True
0,0.0,0,0.0,11,547.5,0.018181818,0.024747475,0.0,1.0,May,3,3,3,1,Returning_Visitor,True
0,0.0,0,0.0,8,122.75,0.0,0.028571429,0.0,0.0,Nov,3,2,1,2,New_Visitor,False
6,61.0,0,0.0,21,585.3916667,0.0,0.007692308,0.0,0.0,Dec,2,2,4,1,New_Visitor,False
1,78.0,1,14.0,37,935.5571429,0.0,0.027027027,67.73686486,0.0,May,2,2,1,3,Returning_Visitor,False
0,0.0,0,0.0,5,48.0,0.08,0.093333333,0.0,0.8,May,3,2,4,13,Returning_Visitor,False
7,114.2,0,0.0,26,360.1816667,0.0,0.008800253,0.0,0.0,Nov,1,1,1,2,Returning_Visitor,False
0,0.0,1,13.0,116,4097.403993,0.016480331,0.022530582,0.0,0.0,Dec,3,2,1,13,Returning_Visitor,False
6,99.0,1,1.0,23,637.0,0.0,0.002469136,0.0,0.0,Mar,2,5,9,8,New_Visitor,False
0,0.0,0,0.0,1,0.0,0.2,0.2,0.0,0.0,May,1,1,3,3,Returning_Visitor,True
0,0.0,0,0.0,20,196.8333333,0.04,0.063333333,0.0,0.6,May,2,2,1,4,Returning_Visitor,False
0,0.0,0,0.0,27,321.6666667,0.051190476,0.07224026,0.0,0.8,May,3,2,1,1,Returning_Visitor,False
0,0.0,0,0.0,48,832.0833333,0.038478261,0.064782609,0.0,0.0,Dec,3,2,1,3,Returning_Visitor,False
0,0.0,0,0.0,64,3025.058333,0.003125,0.018958333,0.0,0.0,Nov,3,2,2,2,Returning_Visitor,False
4,190.5,0,0.0,29,867.9915152,0.012903226,0.019354839,0.0,0.0,Sep,3,2,3,4,Returning_Visitor,False
1,24.0,1,72.0,13,462.0,0.0,0.014285714,23.13,0.0,May,2,2,1,2,Returning_Visitor,False
0,0.0,0,0.0,41,4373.847619,0.00232288,0.033787661,0.0,0.0,Dec,2,5,1,3,Returning_Visitor,True
0,0.0,0,0.0,1,0.0,0.2,0.2,0.0,0.8,May,3,2,1,2,Returning_Visitor,False
8,359.0,2,954.0,14,336.5,0.0,0.005555556,0.0,0.0,Mar,3,2,7,9,Returning_Visitor,True
5,46.5,0,0.0,3,26.0,0.0,0.028571429,0.0,0.0,Nov,2,2,1,2,Returning_Visitor,False
0,0.0,0,0.0,69,2077.806007,0.004830918,0.018561873,0.0,0.0,Nov,2,2,4,2,Returning_Visitor,False
0,0.0,0,0.0,24,409.3030303,0.008333333,0.023611111,0.0,0.6,May,3,2,3,3,Returning_Visitor,False
4,785.2166667,0,0.0,8,450.8,0.016666667,0.016666667,0.0,0.0,Sep,3,2,3,5,Returning_Visitor,False
0,0.0,0,0.0,7,208.0,0.0,0.028571429,0.0,0.0,Feb,4,1,1,5,Returning_Visitor,True
3,65.5,3,60.0,30,1383.375,0.014141414,0.039393939,43.20756866,0.0,Nov,2,2,1,1,Returning_Visitor,False
5,140.5833333,2,87.0,69,1918.902722,0.003424658,0.021575342,0.0,0.0,Nov,2,2,3,2,Returning_Visitor,False
0,0.0,0,0.0,6,122.5,0.011111111,0.077777778,0.0,0.2,May,2,6,6,4,Returning_Visitor,False
2,75.05,0,0.0,106,4143.175238,0.019711538,0.03900641,4.484328486,0.0,Aug,3,2,1,1,Returning_Visitor,False
0,0.0,0,0.0,9,953.8333333,0.0,0.011428571,92.83857143,0.0,May,3,2,1,5,Returning_Visitor,True
0,0.0,0,0.0,1,0.0,0.2,0.2,0.0,0.0,May,4,1,1,5,Returning_Visitor,False
1,165.5,0,0.0,47,1708.625,0.008695652,0.01884058,5.909295033,0.0,Dec,2,2,7,2,Returning_Visitor,False
4,252.0,1,56.5,42,947.357702,0.004347826,0.017294686,0.0,0.0,Nov,1,1,7,8,Returning_Visitor,True
3,13.0,1,0.0,51,4651.612222,0.004155844,0.020606061,0.0,0.0,Jul,2,4,3,4,Returning_Visitor,False
0,0.0,0,0.0,2,32.0,0.0,0.1,0.0,0.0,Feb,2,2,1,3,Returning_Visitor,False
2,44.33333333,0,0.0,19,813.1,0.0,0.01,20.0031,0.0,May,2,2,1,2,Returning_Visitor,False
6,394.1,4,489.6,40,1190.4,0.0,0.012318841,17.19073913,0.0,May,3,2,1,11,Returning_Visitor,False
0,0.0,0,0.0,35,888.3333333,0.005714286,0.024285714,7.609371429,0.2,May,2,2,6,3,Returning_Visitor,False
13,1230.333333,7,286.0833333,68,3147.245589,0.013684211,0.026801619,1.597803468,0.0,Dec,1,1,1,2,Returning_Visitor,False
2,51.0,0,0.0,25,698.8333333,0.0,0.008727273,0.0,0.0,May,2,10,1,4,Returning_Visitor,False
2,58.0,5,115.0,71,1563.930952,0.006578947,0.017192982,0.0,0.8,May,3,2,1,4,Returning_Visitor,False
0,0.0,0,0.0,36,576.8333333,0.0,0.019444444,0.0,0.0,May,4,1,1,2,Returning_Visitor,False
4,43.46666667,0,0.0,4,27.26666667,0.0,0.028571429,0.0,0.0,Sep,1,1,1,5,New_Visitor,False
0,0.0,0,0.0,29,582.0,0.006896552,0.020689655,0.0,0.0,May,2,2,5,4,Returning_Visitor,False
2,25.0,0,0.0,6,65.0,0.0,0.025,0.0,0.0,Mar,2,2,1,2,New_Visitor,True
0,0.0,0,0.0,2,84.0,0.15,0.166666667,0.0,0.0,Nov,3,2,6,3,Returning_Visitor,True
3,76.0,0,0.0,24,1038.845238,0.0,0.008333333,0.0,0.0,Mar,2,2,4,3,New_Visitor,False
0,0.0,0,0.0,4,179.25,0.0,0.05,0.0,0.0,Dec,2,2,6,2,Returning_Visitor,False
0,0.0,1,25.0,8,388.0,0.025,0.033333333,0.0,0.6,May,2,5,3,2,New_Visitor,False
0,0.0,0,0.0,1,0.0,0.2,0.2,0.0,0.0,Dec,2,2,8,1,Returning_Visitor,False
0,0.0,1,108.8,10,322.3666667,0.0,0.009090909,61.80843596,0.0,Nov,2,5,4,2,Returning_Visitor,False
10,262.0,0,0.0,22,623.4166667,0.018518519,0.04526749,0.0,0.2,May,3,2,1,2,Returning_Visitor,False
0,0.0,0,0.0,28,1252.75,0.010714286,0.042857143,0.0,0.0,Nov,2,2,1,13,Returning_Visitor,False
0,0.0,0,0.0,17,418.3333333,0.0,0.025,0.0,0.0,Nov,2,6,1,2,New_Visitor,False
2,39.4,0,0.0,62,2021.747727,0.003076923,0.015641026,0.0,0.0,Oct,2,2,1,4,Returning_Visitor,False
2,104.3,0,0.0,48,2307.661212,0.025510204,0.035488428,4.348145623,0.0,Oct,1,1,4,1,Returning_Visitor,True
1,5.0,0,0.0,15,228.8,0.01875,0.06875,0.0,0.0,Nov,2,2,1,1,Returning_Visitor,False
3,14.5,5,1007.5,26,672.875,0.0,0.032352941,0.0,0.0,Nov,2,2,3,1,Returning_Visitor,False
1,9.1,0,0.0,9,115.6,0.0,0.04,0.0,0.0,Oct,2,5,2,3,Returning_Visitor,False
1,54.0,0,0.0,3,59.0,0.0,0.05,0.0,0.0,Mar,2,2,9,8,Returning_Visitor,False
0,0.0,0,0.0,10,316.5,0.0,0.025,17.538,0.0,Mar,2,4,1,8,New_Visitor,True
5,51.5,0,0.0,2,6.0,0.0,0.033333333,0.0,0.0,Mar,2,5,2,1,Returning_Visitor,False
0,0.0,0,0.0,8,113.6666667,0.0,0.025,0.0,0.0,Nov,2,2,4,13,Returning_Visitor,False
0,0.0,0,0.0,76,1553.269048,0.0,0.009586466,0.0,0.0,Nov,2,4,1,2,Returning_Visitor,False
8,203.6,1,0.0,42,1052.4,0.0,0.004545455,37.35725827,0.0,Nov,2,2,5,2,Returning_Visitor,False
3,22.83333333,0,0.0,115,2625.009524,0.0,0.004013317,0.0,0.0,Mar,2,5,6,1,Returning_Visitor,False
0,0.0,0,0.0,32,1324.666667,0.056666667,0.09047619,10.3976,1.0,May,2,2,7,1,Returning_Visitor,True
0,0.0,0,0.0,1,0.0,0.2,0.2,0.0,0.6,May,3,2,3,13,Returning_Visitor,False
0,0.0,0,0.0,1,0.0,0.2,0.2,0.0,0.0,May,1,8,1,3,Returning_Visitor,False
4,391.3,0,0.0,24,1015.3,0.0,0.004166667,61.91792063,0.0,Aug,2,2,3,2,New_Visitor,False
7,54.63636364,1,75.0,67,1336.554221,0.0,0.027327327,4.148878378,0.0,May,2,2,7,4,Returning_Visitor,False
7,58.6,0,0.0,20,585.8833333,0.017391304,0.044637681,0.0,0.0,Jul,1,1,1,4,Returning_Visitor,True
0,0.0,0,0.0,4,142.0,0.0,0.05,0.0,0.6,May,2,2,1,13,Returning_Visitor,False
7,367.6666667,3,9.0,58,4191.031746,0.014583333,0.033093378,1.385791839,0.0,Nov,1,1,7,15,Returning_Visitor,True
1,576.0,0,0.0,13,587.75,0.030769231,0.061538462,0.0,0.0,Nov,1,1,4,1,Returning_Visitor,False
6,446.3833333,0,0.0,28,789.1266667,0.01,0.012860238,37.5474164,0.0,Nov,2,2,1,2,Returning_Visitor,False
2,55.5,0,0.0,25,2466.533333,0.007407407,0.028888889,49.01323885,0.0,Dec,2,2,1,2,Returning_Visitor,False
1,7.0,0,0.0,7,151.5,0.0,0.025,50.9925,0.0,May,2,2,1,1,Returning_Visitor,False
0,0.0,0,0.0,3,103.0,0.0,0.022222222,0.0,0.0,Mar,1,1,1,3,Returning_Visitor,True
1,31.0,2,515.0,4,718.6666667,0.0,0.008333333,0.0,0.0,May,2,2,6,6,Returning_Visitor,False
1,5.0,0,0.0,2,15.2,0.0,0.04,0.0,0.0,Aug,1,1,6,3,Returning_Visitor,False
0,0.0,0,0.0,1,0.0,0.2,0.2,0.0,0.0,Jul,3,2,4,1,Returning_Visitor,True
0,0.0,0,0.0,9,58.0,0.155555556,0.177777778,0.0,0.0,May,1,1,1,3,Returning_Visitor,True
0,0.0,0,0.0,7,858.5,0.028571429,0.071428571,0.0,0.4,May,2,5,1,1,Returning_Visitor,False
3,18.33333333,0,0.0,38,2635.177778,0.0,0.008947368,0.0,0.4,Feb,2,4,1,2,Returning_Visitor,False
7,159.3333333,0,0.0,24,520.6666667,0.0,0.006666667,0.0,0.0,Mar,2,10,4,3,New_Visitor,True
0,0.0,0,0.0,3,395.0,0.0,0.066666667,0.0,0.0,Feb,1,1,3,3,Returning_Visitor,False
8,352.4,1,49.73333333,12,309.7,0.011764706,0.014705882,0.0,0.0,Sep,3,2,1,4,Returning_Visitor,False
0,0.0,0,0.0,3,73.0,0.0,0.066666667,0.0,0.0,Mar,2,4,1,7,Returning_Visitor,False
4,193.4,0,0.0,3,364.7,0.0,0.028571429,0.0,0.0,Oct,2,2,4,4,Returning_Visitor,False
0,0.0,0,0.0,5,177.6666667,0.0,0.04,0.0,0.0,May,1,1,1,4,New_Visitor,False
3,140.0,0,0.0,26,1629.438095,0.0,0.004938272,0.0,0.0,Nov,4,5,2,2,Returning_Visitor,True
1,21.33333333,1,235.0,71,2753.378571,0.012676056,0.015201207,0.0,0.0,Mar,3,2,2,1,Returning_Visitor,True
4,204.5,0,0.0,12,159.0,0.0,0.026666667,0.0,0.0,May,1,1,4,2,New_Visitor,True
1,28.0,0,0.0,8,290.0,0.0,0.01,0.0,0.0,Mar,2,2,1,2,Returning_Visitor,False
2,26.0,0,0.0,22,285.9880952,0.0,0.0125,0.0,0.0,Mar,1,1,6,8,Returning_Visitor,False
0,0.0,0,0.0,46,2425.083333,0.010869565,0.027681159,0.0,0.6,May,1,1,3,2,Returning_Visitor,False
7,135.5,2,30.0,129,4115.978571,0.001470588,0.011288515,2.273598775,0.0,May,2,2,1,2,Returning_Visitor,True
0,0.0,1,12.0,22,1668.95,0.0,0.00952381,12.18867006,0.0,Dec,2,2,1,2,New_Visitor,True
0,0.0,0,0.0,1,0.0,0.2,0.2,0.0,0.0,Mar,2,2,1,1,Returning_Visitor,False
11,383.3,2,256.3,189,15454.43857,0.007286432,0.019882747,0.0,0.0,Aug,2,10,2,1,Returning_Visitor,False
0,0.0,0,0.0,2,0.0,0.2,0.2,0.0,0.0,Mar,1,1,1,1,Returning_Visitor,False
0,0.0,0,0.0,8,335.0,0.025,0.05,63.891,0.0,May,3,2,4,1,Returning_Visitor,False
2,87.25,0,0.0,56,2094.983333,0.032738095,0.063214286,0.0,0.8,May,2,4,3,3,Returning_Visitor,False
2,16.0,0,0.0,43,821.275,0.015873016,0.024900794,0.0,0.0,Nov,1,1,1,3,Returning_Visitor,False
0,0.0,0,0.0,21,607.5892857,0.028571429,0.051322751,0.0,0.0,Dec,3,2,1,2,Returning_Visitor,True
1,81.6,0,0.0,10,107.2,0.018181818,0.027272727,0.0,0.0,Oct,2,2,3,20,Returning_Visitor,False
0,0.0,0,0.0,6,241.0,0.0,0.033333333,0.0,0.0,May,2,10,2,3,Returning_Visitor,False
9,546.0,0,0.0,28,1561.083333,0.01,0.03,3.810575284,0.0,Mar,2,2,7,10,Returning_Visitor,False
0,0.0,0,0.0,6,163.25,0.033333333,0.033333333,0.0,0.6,Feb,1,1,6,2,Returning_Visitor,False
3,19.0,0,0.0,120,3013.116917,0.001680672,0.007407748,14.18391563,0.0,Nov,2,5,1,2,Returning_Visitor,False
0,0.0,0,0.0,24,654.0666667,0.0,0.001449275,0.0,0.8,May,3,2,1,2,Returning_Visitor,False
0,0.0,0,0.0,9,891.5,0.0,0.0125,0.0,0.0,Dec,1,1,1,2,Returning_Visitor,False
1,6.0,0,0.0,7,212.0,0.0,0.025,0.0,0.0,Nov,1,1,1,3,Returning_Visitor,False
2,32.0,0,0.0,7,164.5,0.0,0.008333333,0.0,0.4,May,2,2,1,4,Returning_Visitor,False
13,313.0333333,0,0.0,135,3700.495815,0.004662005,0.014626073,3.348407692,0.0,May,2,4,1,4,Returning_Visitor,False
5,39.7,0,0.0,14,253.6,0.0,0.018333333,0.0,0.0,Sep,2,2,4,4,Returning_Visitor,False
9,474.0,0,0.0,19,805.65,0.001242236,0.019397993,0.0,0.0,Nov,1,1,1,2,Returning_Visitor,False
1,4.0,0,0.0,18,143.85,0.0,0.034117647,0.0,0.0,May,2,2,3,3,Returning_Visitor,False
0,0.0,0,0.0,1,0.0,0.2,0.2,0.0,0.0,May,1,1,3,3,Returning_Visitor,False
0,0.0,0,0.0,19,422.8333333,0.010526316,0.045614035,0.0,0.0,Mar,2,2,1,3,Returning_Visitor,False
1,27.5,0,0.0,114,1403.720238,0.0,0.000589971,255.5691579,0.0,Nov,4,5,2,8,Returning_Visitor,False
2,29.33333333,0,0.0,98,2680.828571,0.009183673,0.014160401,16.04860714,0.0,May,3,2,3,13,Returning_Visitor,False
3,509.6666667,0,0.0,19,976.3382353,0.0,0.010454545,23.62159091,0.0,May,1,1,1,2,Returning_Visitor,True
0,0.0,0,0.0,4,99.0,0.0,0.05,0.0,0.4,May,1,1,7,2,Returning_Visitor,False
2,41.2,0,0.0,36,595.8,0.0,0.005405405,0.0,0.0,Nov,4,2,2,4,Returning_Visitor,False
0,0.0,0,0.0,130,4164.936905,0.006153846,0.012319347,0.0,0.0,May,3,2,6,13,Returning_Visitor,False
0,0.0,0,0.0,86,5332.547778,0.013882353,0.0654082,0.0,0.0,Aug,2,2,4,1,Returning_Visitor,False
1,29.2,0,0.0,7,75.6,0.0,0.025,0.0,0.0,Aug,1,1,4,2,New_Visitor,True
1,17.6,0,0.0,12,1192.866667,0.0,0.019230769,0.0,0.0,Sep,2,2,1,3,Returning_Visitor,False
4,144.5,2,52.5,39,1299.5,0.004878049,0.021138211,0.0,0.0,Nov,2,2,1,1,Returning_Visitor,False
1,11.1,0,0.0,48,830.3142529,0.004347826,0.017619048,0.0,0.0,Nov,1,1,1,3,Returning_Visitor,False
0,0.0,0,0.0,11,357.3333333,0.0,0.022222222,0.0,0.0,Dec,1,1,3,2,New_Visitor,False
0,0.0,0,0.0,8,158.25,0.0,0.003571429,0.0,0.0,Nov,1,8,4,11,Returning_Visitor,True
13,278.1519608,1,46.5,150,5575.614608,7.27e-05,0.017155355,1.529570511,0.0,Dec,2,2,2,1,Returning_Visitor,False
0,0.0,0,0.0,24,968.6924242,0.0,0.0,106.2525169,0.0,Nov,1,1,9,2,Returning_Visitor,False
2,66.4,3,41.2,138,4031.561667,0.002857143,0.010238095,0.0,0.0,Nov,2,2,9,13,Returning_Visitor,False
2,46.4,0,0.0,16,463.36,0.0,0.011111111,46.33991252,0.0,Sep,2,2,7,2,Returning_Visitor,False
1,33.0,1,27.0,18,630.871912,0.0,0.000292398,0.0,0.0,May,1,1,3,3,New_Visitor,False
6,316.0,0,0.0,69,1618.532967,0.005555556,0.027698413,0.0,0.0,Nov,2,5,1,1,Returning_Visitor,False
0,0.0,0,0.0,27,1871.9,0.014814815,0.020740741,0.0,0.0,Sep,1,1,1,3,Returning_Visitor,False
0,0.0,0,0.0,41,3272.0,0.045238095,0.078571429,0.0,0.8,May,2,6,1,6,Returning_Visitor,False
2,117.8,0,0.0,17,586.1,0.0,0.011111111,0.0,0.0,Aug,3,2,7,13,Returning_Visitor,False
9,319.8333333,1,18.0,10,332.3333333,0.0,0.015384615,0.0,0.0,Dec,1,1,5,2,Returning_Visitor,False
0,0.0,0,0.0,21,1030.0,0.005,0.025,0.0,0.0,Dec,2,2,7,1,Returning_Visitor,False
0,0.0,1,2.0,25,344.3214286,0.00617284,0.033333333,0.0,0.4,May,2,2,1,1,Returning_Visitor,False
1,11.0,0,0.0,8,98.56666667,0.066666667,0.101666667,0.0,0.0,Sep,1,8,3,1,Returning_Visitor,True
2,11.0,0,0.0,14,101.25,0.0,0.014285714,0.0,0.8,May,2,2,3,2,Returning_Visitor,False
2,24.42857143,7,278.1666667,76,2735.728571,0.002439024,0.024843206,8.631719512,0.0,Mar,2,5,2,7,Returning_Visitor,False
3,45.0,1,87.0,26,485.8333333,0.008,0.016,0.0,0.0,May,1,1,1,2,Returning_Visitor,True
8,522.25,0,0.0,53,1899.058333,0.004938272,0.007694004,14.16739222,0.0,Dec,1,1,1,2,Returning_Visitor,False
0,0.0,0,0.0,6,166.0,0.0,0.033333333,0.0,0.0,Dec,2,2,1,3,Returning_Visitor,False
5,41.3,0,0.0,24,446.9277778,0.0,0.008602151,0.0,1.0,Feb,2,2,8,1,Returning_Visitor,True
0,0.0,0,0.0,4,39.0,0.0,0.05,0.0,0.0,May,2,2,8,3,Returning_Visitor,False
0,0.0,0,0.0,22,401.1666667,0.0,0.013636364,0.0,0.0,May,2,2,1,3,Returning_Visitor,False
3,60.4,0,0.0,4,25.8,0.0,0.04,0.0,0.0,Jul,1,1,3,4,New_Visitor,False
0,0.0,0,0.0,1,0.0,0.2,0.2,0.0,0.0,Mar,2,2,1,1,Returning_Visitor,False
1,34.5,0,0.0,24,819.15,0.0,0.001449275,0.0,0.0,Dec,1,1,2,2,Returning_Visitor,False
7,170.0,0,0.0,27,1342.666667,0.003333333,0.023333333,29.35629782,0.0,Mar,2,2,1,3,Returning_Visitor,False
12,739.2091954,1,16.0,21,1321.059195,0.009032258,0.025133361,78.34560177,0.0,Mar,2,2,1,8,Returning_Visitor,False
0,0.0,0,0.0,12,153.625,0.0,0.008333333,0.0,0.0,Nov,2,2,3,2,New_Visitor,False
0,0.0,0,0.0,14,1404.75,0.0,0.021428571,0.0,0.0,Dec,2,2,1,2,New_Visitor,False
0,0.0,1,0.0,21,472.5,0.019047619,0.019047619,34.27708553,0.0,Nov,1,1,1,10,Returning_Visitor,False
1,8.0,5,358.75,36,991.5,0.014285714,0.031904762,0.0,0.0,Dec,1,1,8,2,Returning_Visitor,False
2,18.6,0,0.0,85,2834.280117,0.004883721,0.013388945,37.42337649,0.0,Nov,2,2,1,1,Returning_Visitor,True
0,0.0,0,0.0,14,166.1666667,0.028571429,0.051190476,0.0,0.0,May,2,2,1,3,Returning_Visitor,False
0,0.0,2,90.0,9,103.6666667,0.018181818,0.061818182,0.0,0.0,Mar,3,2,1,1,Returning_Visitor,False
0,0.0,0,0.0,40,1411.833333,0.0,0.001282051,0.0,0.0,May,3,2,8,6,Returning_Visitor,False
0,0.0,0,0.0,13,261.8,0.015384615,0.084615385,0.0,0.0,Sep,1,1,1,3,Returning_Visitor,False
2,48.5,0,0.0,77,1069.97381,0.002531646,0.012466437,0.0,0.0,Dec,2,2,3,2,Returning_Visitor,False
0,0.0,0,0.0,15,340.1,0.0,0.04,0.0,0.0,Aug,2,2,1,1,Returning_Visitor,False
0,0.0,0,0.0,6,161.6666667,0.0,0.05,0.0,0.0,Dec,2,2,9,3,New_Visitor,False
3,50.0,0,0.0,13,796.0,0.0,0.013333333,0.0,0.0,Mar,2,2,5,2,Returning_Visitor,False
0,0.0,0,0.0,12,846.25,0.0,0.018181818,40.4014481,0.0,Dec,2,6,1,6,New_Visitor,False
2,56.5,0,0.0,12,544.8333333,0.0,0.007142857,31.38886179,0.0,Dec,1,2,1,2,Other,True
5,68.8,0,0.0,33,781.5166667,0.005555556,0.008333333,22.53693712,0.0,Jul,2,2,6,2,New_Visitor,True
0,0.0,0,0.0,4,32.0,0.0,0.075,0.0,0.0,Mar,3,2,6,1,Returning_Visitor,False
0,0.0,1,3.0,51,5407.788889,0.001923077,0.020120574,7.793528571,0.0,May,2,2,3,2,Returning_Visitor,False
2,20.0,3,402.0,85,3881.79359,0.00453159,0.039115224,0.0,0.0,Nov,2,2,1,2,Returning_Visitor,False
0,0.0,2,686.0,11,288.125,0.030769231,0.066666667,0.0,0.0,Dec,4,1,3,3,Returning_Visitor,False
0,0.0,0,0.0,37,607.4666667,0.0,0.002777778,39.97777778,0.0,May,1,1,1,2,Returning_Visitor,True
1,178.0,0,0.0,3,110.0,0.0,0.016666667,0.0,0.2,May,3,2,3,4,Returning_Visitor,False
0,0.0,0,0.0,4,10.0,0.1,0.15,0.0,0.0,Nov,2,2,1,1,Returning_Visitor,False
7,65.83333333,2,39.66666667,135,5520.175505,0.002962963,0.010258137,0.0,0.0,Dec,2,2,1,1,Returning_Visitor,False
0,0.0,0,0.0,10,355.0,0.0,0.04,0.0,0.0,May,2,4,7,6,Returning_Visitor,False
4,120.7,0,0.0,5,74.4,0.0,0.022222222,0.0,0.0,Oct,2,2,4,5,New_Visitor,False
2,675.3333333,0,0.0,46,1103.916667,0.0,0.004081633,0.0,0.8,May,2,4,4,4,Returning_Visitor,False
6,175.0,1,10.0,25,2877.5,0.007692308,0.037435897,0.0,0.0,May,2,2,7,1,Returning_Visitor,False
0,0.0,0,0.0,12,303.5,0.016666667,0.016666667,0.0,0.0,Dec,1,1,7,2,Returning_Visitor,True
0,0.0,0,0.0,22,431.0833333,0.018181818,0.022727273,0.0,0.6,May,3,2,7,13,Returning_Visitor,False
0,0.0,0,0.0,15,803.3333333,0.0,0.038888889,0.0,0.0,Dec,4,1,1,2,Returning_Visitor,False
4,91.0,0,0.0,2,22.0,0.033333333,0.022222222,0.0,0.0,Dec,1,1,1,2,New_Visitor,False
6,71.375,0,0.0,73,2335.633333,0.0,0.0125,2.51591586,0.0,Nov,2,2,7,11,Returning_Visitor,False
4,143.8333333,0,0.0,43,997.7083333,0.002222222,0.021111111,0.0,0.0,Dec,2,5,3,2,Returning_Visitor,False
0,0.0,0,0.0,4,17.0,0.1,0.15,0.0,0.0,Dec,2,2,1,1,Returning_Visitor,False
0,0.0,0,0.0,15,463.3333333,0.035714286,0.046428571,0.0,0.0,May,2,5,1,1,Returning_Visitor,False
7,112.375,0,0.0,24,916.5,0.010967742,0.036129032,0.0,0.0,Nov,3,2,3,3,Returning_Visitor,False
0,0.0,0,0.0,48,4346.916667,0.020138889,0.034791667,0.0,0.0,May,3,2,2,13,Returning_Visitor,False
0,0.0,0,0.0,13,226.0,0.0,0.053846154,0.0,0.0,Mar,2,2,4,3,Returning_Visitor,True
0,0.0,0,0.0,52,1622.433333,0.006410256,0.031730769,0.0,0.0,May,2,2,3,13,Returning_Visitor,False
5,136.1,0,0.0,45,1424.804887,0.0,0.008333333,10.19295165,0.0,Nov,2,2,6,2,Returning_Visitor,True
4,69.66666667,1,23.0,161,6524.035369,0.005050505,0.013944826,45.41882207,0.0,Nov,2,2,3,2,Returning_Visitor,False
7,280.2666667,0,0.0,11,329.6833333,0.0,0.023076923,0.0,0.0,Dec,2,2,7,2,Returning_Visitor,False
0,0.0,0,0.0,26,3242.0,0.005555556,0.031388889,0.0,0.0,May,4,1,4,6,Returning_Visitor,True
0,0.0,0,0.0,4,112.0,0.0,0.075,0.0,0.6,May,2,2,4,3,Returning_Visitor,False
3,149.0,0,0.0,25,1294.183333,0.014814815,0.02962963,0.0,0.0,May,3,2,1,13,Returning_Visitor,False
0,0.0,0,0.0,1,0.0,0.2,0.2,0.0,1.0,May,1,1,1,2,Returning_Visitor,True
0,0.0,0,0.0,5,240.5,0.08,0.07,0.0,0.0,May,1,1,1,3,Returning_Visitor,False
0,0.0,1,14.0,34,3900.428571,0.035714286,0.078938839,0.0,0.6,May,1,1,1,4,Returning_Visitor,False
1,4.0,0,0.0,37,1296.942857,0.013888889,0.039814815,0.0,0.8,May,2,2,4,2,Returning_Visitor,False
2,74.0,0,0.0,13,429.0,0.013333333,0.040444444,0.0,0.0,Mar,2,4,3,6,Returning_Visitor,False
6,66.55,0,0.0,41,1556.523333,0.005681818,0.012878788,0.0,0.0,Aug,3,2,1,4,Returning_Visitor,True
5,96.6,0,0.0,68,2664.416667,0.0,0.005633803,5.150260109,0.0,Sep,4,2,1,5,New_Visitor,True
4,74.21428571,0,0.0,32,1367.630952,0.008928571,0.0203125,50.82975,0.0,May,3,2,1,2,Returning_Visitor,True
0,0.0,0,0.0,12,166.0833333,0.016666667,0.025,0.0,0.0,Nov,1,1,1,2,Returning_Visitor,True
1,14.0,0,0.0,46,1380.166667,0.0,0.01037037,0.0,0.0,Mar,4,1,1,1,Returning_Visitor,False
0,0.0,0,0.0,14,1225.0,0.015384615,0.015384615,0.0,0.0,May,1,1,3,2,New_Visitor,False
0,0.0,0,0.0,12,459.0833333,0.004545455,0.084545455,0.0,0.0,Dec,2,2,1,2,Returning_Visitor,False
0,0.0,0,0.0,4,33.0,0.1,0.15,0.0,0.6,May,2,2,1,3,Returning_Visitor,False
0,0.0,0,0.0,5,266.3333333,0.04,0.08,0.0,0.0,Mar,3,2,1,3,Returning_Visitor,False
2,82.0,0,0.0,13,155.9833333,0.0,0.037777778,0.0,0.0,Dec,2,2,1,2,Returning_Visitor,False
0,0.0,0,0.0,11,831.9333333,0.0,0.02037037,0.0,0.8,May,3,2,6,14,Returning_Visitor,False
0,0.0,0,0.0,1,0.0,0.2,0.2,0.0,0.0,May,2,4,1,3,Returning_Visitor,False
0,0.0,0,0.0,35,1608.7,0.0,0.002857143,0.0,0.0,Sep,2,4,3,2,New_Visitor,False
0,0.0,1,10.0,88,2366.192105,0.01247191,0.030501264,0.0,0.0,Nov,2,4,7,1,Returning_Visitor,False
1,11.83333333,2,27.0,31,424.75,0.019047619,0.039292517,30.81857956,0.0,Nov,2,2,3,1,Returning_Visitor,False
0,0.0,0,0.0,40,700.1277778,0.011,0.027788462,0.0,0.0,Nov,1,1,1,10,Returning_Visitor,True
8,143.1666667,1,22.0,87,2531.060479,0.006896552,0.017705157,0.860484729,0.0,May,1,1,1,1,Returning_Visitor,False
0,0.0,0,0.0,10,444.5,0.0,0.02,13.9394091,0.0,Nov,2,2,1,1,Returning_Visitor,False
2,95.0,0,0.0,10,203.4166667,0.0,0.016666667,0.0,0.0,May,2,2,3,2,Returning_Visitor,True
0,0.0,0,0.0,17,557.4,0.0,0.011111111,83.93274289,0.0,Sep,2,2,2,2,New_Visitor,True
8,134.3733333,3,256.75,40,1773.610152,0.004255319,0.008355899,13.49047237,0.0,Nov,1,1,8,2,Returning_Visitor,True
7,278.8333333,2,15.0,38,2311.090909,0.004651163,0.022868217,4.247372093,0.0,May,2,5,1,3,Returning_Visitor,False
0,0.0,0,0.0,4,72.4,0.1,0.125,0.0,0.0,Jul,1,1,3,3,Returning_Visitor,False
0,0.0,0,0.0,11,782.5,0.0,0.01,0.0,0.0,Dec,1,1,3,2,New_Visitor,False
3,168.0,0,0.0,7,296.1666667,0.0,0.011111111,0.0,0.0,Mar,2,2,3,2,New_Visitor,False
0,0.0,0,0.0,1,0.0,0.2,0.2,0.0,0.0,June,3,2,3,13,Returning_Visitor,False
5,74.75,0,0.0,14,512.5,0.0,0.023529412,0.0,0.0,Dec,2,7,7,8,New_Visitor,True
4,40.0,2,146.0,56,2866.90202,0.0,0.010451977,85.7528587,0.0,Mar,2,2,2,2,Returning_Visitor,True
6,102.4,2,44.4,33,688.3142857,0.0,0.022222222,0.0,0.0,Sep,2,2,3,3,Returning_Visitor,False
0,0.0,0,0.0,1,0.0,0.2,0.2,0.0,0.0,Dec,2,2,6,13,Returning_Visitor,False
0,0.0,0,0.0,5,234.9666667,0.0,0.033333333,0.0,0.0,May,3,2,1,13,Returning_Visitor,False
0,0.0,0,0.0,16,79.0,0.025,0.0375,0.0,0.0,May,2,2,2,4,Returning_Visitor,True
5,943.0,2,16.0,7,935.6666667,0.0,0.0375,0.0,0.0,Nov,2,2,3,6,Returning_Visitor,True
0,0.0,0,0.0,9,159.0,0.0,0.022222222,0.0,0.0,Mar,2,2,1,2,Returning_Visitor,True
2,21.0,0,0.0,25,278.1366667,0.0,0.007692308,77.4579855,0.0,Nov,2,2,7,2,New_Visitor,False
2,256.0,0,0.0,14,574.5,0.0,0.014285714,0.0,0.0,May,3,3,8,11,New_Visitor,False
0,0.0,0,0.0,9,463.4,0.0,0.022222222,0.0,0.0,Oct,3,2,1,2,New_Visitor,False
3,42.6,2,41.5,18,1049.516667,0.023809524,0.03968254,14.25648352,0.0,Mar,3,2,2,3,Returning_Visitor,True
0,0.0,0,0.0,18,315.6944444,0.0,0.002941176,0.0,0.0,Nov,1,1,8,8,New_Visitor,False
1,49.4,0,0.0,4,111.6,0.04,0.04,0.0,0.0,Jul,1,8,9,4,New_Visitor,False
12,184.4173601,1,13.0,159,6137.14491,0.011276738,0.031489963,18.23386055,0.0,June,2,4,3,2,Returning_Visitor,False
1,24.0,1,239.0,11,839.5,0.016666667,0.05,0.0,0.0,Mar,1,1,4,2,Returning_Visitor,False
0,0.0,0,0.0,3,138.0,0.0,0.066666667,0.0,0.0,Feb,1,1,1,3,Returning_Visitor,False
3,118.5,0,0.0,29,1482.210784,0.006896552,0.010600255,0.0,0.0,Mar,3,2,1,8,Returning_Visitor,True
0,0.0,0,0.0,8,110.0,0.0,0.0125,0.0,0.0,May,2,5,1,2,Returning_Visitor,False
1,19.0,0,0.0,16,278.9142857,0.007142857,0.04,0.0,0.0,May,1,8,1,4,Returning_Visitor,True
5,54.83333333,0,0.0,26,986.9166667,0.0,0.010985222,45.69873563,0.0,May,6,2,4,5,Returning_Visitor,False
0,0.0,0,0.0,2,22.0,0.0,0.1,0.0,0.0,Nov,3,2,3,3,Returning_Visitor,False
0,0.0,0,0.0,8,710.0,0.0,0.025,45.4895,0.8,May,1,1,6,4,Returning_Visitor,False
2,90.17857143,2,88.5,19,1214.307692,0.022727273,0.031677489,15.52703405,0.0,Nov,1,1,4,2,Returning_Visitor,False
10,175.4666667,1,7.0,82,2378.377381,0.004318937,0.017004257,13.9750483,0.0,Nov,3,2,1,13,Returning_Visitor,False
1,132.0,0,0.0,8,209.25,0.0,0.022222222,0.0,0.0,May,2,2,7,6,Returning_Visitor,False
4,87.0,0,0.0,14,280.5,0.025,0.04375,0.0,0.0,May,2,2,1,4,Returning_Visitor,False
7,98.0,3,61.0,83,2355.682738,0.002873563,0.022487296,0.0,0.0,Dec,1,1,1,2,Returning_Visitor,False
0,0.0,0,0.0,5,116.6666667,0.04,0.05,0.0,0.0,Oct,3,2,1,3,Returning_Visitor,True
1,0.0,0,0.0,17,669.4833333,0.038888889,0.057407407,0.0,0.0,Dec,3,2,2,1,Returning_Visitor,True
5,73.125,2,53.5,200,6671.290144,0.003458896,0.012152531,0.0,0.0,Nov,2,2,4,2,Returning_Visitor,False
1,4.0,0,0.0,11,724.0,0.0,0.036363636,0.0,0.0,Nov,2,2,1,1,Returning_Visitor,False
0,0.0,0,0.0,3,135.0,0.0,0.066666667,0.0,0.0,June,1,1,6,1,Returning_Visitor,True
1,9.0,0,0.0,37,2368.111111,0.030555556,0.053240741,4.760548596,0.0,Nov,1,1,8,1,Returning_Visitor,False
0,0.0,0,0.0,6,657.5,0.0,0.011111111,0.0,0.0,May,2,2,1,13,Returning_Visitor,False
0,0.0,0,0.0,13,555.5029412,0.036363636,0.020095694,47.99199256,0.0,Nov,4,2,4,2,New_Visitor,False
3,135.0,0,0.0,25,2765.2,0.008,0.016888889,0.0,0.0,May,2,2,2,1,Returning_Visitor,False
0,0.0,0,0.0,44,784.8833333,0.0,0.004761905,360.9533839,0.0,Dec,8,13,9,20,Other,False
4,103.5,0,0.0,28,884.8040616,0.0,0.011326165,0.0,0.0,May,1,1,1,4,Returning_Visitor,False
3,105.0,1,0.0,286,9952.349817,0.004181185,0.015495489,0.0,0.0,Nov,2,2,1,2,Returning_Visitor,False
1,23.2,0,0.0,23,290.0,0.0,0.033333333,0.0,0.0,Jul,2,2,8,3,Returning_Visitor,False
0,0.0,0,0.0,2,63.0,0.0,0.05,0.0,0.0,Mar,3,2,1,1,Returning_Visitor,False
4,250.8571429,1,37.5,71,1145.571429,0.0,0.004054054,80.58733784,0.0,May,2,4,1,1,Returning_Visitor,False
1,65.5,1,0.0,82,5316.459524,0.005,0.01125,77.25951671,0.0,Nov,1,1,9,3,Returning_Visitor,True
1,37.5,0,0.0,25,593.2916667,0.008333333,0.00375,0.0,0.0,Dec,1,1,1,1,Returning_Visitor,True
0,0.0,0,0.0,3,57.0,0.0,0.066666667,0.0,0.2,May,2,5,1,2,Returning_Visitor,False
0,0.0,0,0.0,1,0.0,0.2,0.2,0.0,0.8,May,2,4,1,6,Returning_Visitor,False
8,760.9,3,206.1,36,2400.667778,0.008527132,0.02372093,0.0,0.0,Nov,1,2,7,2,Returning_Visitor,False
6,73.3,1,0.0,120,2872.719031,0.000226757,0.011948854,5.915342917,0.0,Aug,2,2,2,1,Returning_Visitor,False
0,0.0,0,0.0,17,472.9,0.0125,0.025,0.0,0.0,Oct,3,2,3,1,Returning_Visitor,False
0,0.0,0,0.0,25,934.3666667,0.024,0.054,0.0,0.6,May,2,2,6,13,Returning_Visitor,False
2,25.2,4,86.6,21,1702.5,0.016666667,0.037179487,0.0,0.0,Oct,2,2,7,3,Returning_Visitor,True
0,0.0,2,22.0,41,979.375,0.004651163,0.009302326,0.0,0.0,Nov,2,2,3,2,Returning_Visitor,True
0,0.0,0,0.0,1,0.0,0.2,0.2,0.0,0.0,Dec,1,1,4,1,Returning_Visitor,True
1,5.0,2,134.0,101,5459.967105,0.038654646,0.064680923,0.0,0.2,May,1,1,1,6,Returning_Visitor,False
4,15.0,0,0.0,10,197.2,0.0,0.016666667,38.99,0.0,Mar,1,1,1,3,Returning_Visitor,True
0,0.0,0,0.0,7,193.3333333,0.028571429,0.057142857,0.0,0.0,May,2,4,3,3,Returning_Visitor,False
4,82.0,0,0.0,17,269.0,0.034782609,0.046376812,0.0,0.0,Jul,3,2,1,13,Returning_Visitor,False
0,0.0,0,0.0,2,58.6,0.0,0.05,0.0,0.0,Jul,1,2,2,1,Returning_Visitor,False
0,0.0,2,15.0,15,328.4166667,0.0,0.037647059,0.0,0.0,May,2,2,1,4,Returning_Visitor,True
1,38.2,1,9.0,21,1290.5,0.0,0.0,86.12351528,0.0,Nov,2,2,9,2,New_Visitor,False
0,0.0,0,0.0,27,1070.461905,0.0,0.007407407,57.7293604,0.0,Mar,2,2,3,2,Returning_Visitor,False
0,0.0,0,0.0,1,0.0,0.2,0.2,0.0,0.0,Nov,1,1,6,1,Returning_Visitor,True
4,80.5,0,0.0,27,472.5,0.0,0.015384615,0.0,0.0,Dec,4,1,3,1,Returning_Visitor,True
0,0.0,0,0.0,3,13.0,0.066666667,0.133333333,0.0,0.0,May,3,2,3,3,Returning_Visitor,False
10,166.9318182,2,246.0,51,2697.487879,0.004310345,0.017471264,3.099,0.6,May,2,2,2,19,Returning_Visitor,False
0,0.0,0,0.0,5,184.0,0.0,0.04,0.0,0.0,Nov,4,1,4,2,Returning_Visitor,False
0,0.0,0,0.0,12,892.0833333,0.016666667,0.045833333,0.0,0.0,Dec,2,2,6,2,New_Visitor,False
3,18.0,0,0.0,2,8.0,0.0,0.05,0.0,0.0,Dec,8,13,9,20,Other,False
1,38.2,0,0.0,24,1282.953333,0.034782609,0.049565217,0.0,0.0,Nov,2,2,4,1,Returning_Visitor,True
0,0.0,0,0.0,1,0.0,0.2,0.2,0.0,0.0,Nov,2,2,1,13,Returning_Visitor,False
1,19.0,0,0.0,8,87.0,0.0,0.014285714,0.0,0.6,May,2,2,1,3,New_Visitor,False
4,55.0,0,0.0,2,13.0,0.0,0.028571429,0.0,0.0,Dec,2,10,4,2,New_Visitor,False
3,67.0,0,0.0,12,353.0,0.0,0.015384615,0.0,0.0,Mar,2,2,3,2,New_Visitor,False
0,0.0,0,0.0,64,1911.610665,0.0125,0.026739194,0.0,0.0,Nov,1,2,2,10,Returning_Visitor,True
0,0.0,0,0.0,3,58.4,0.0,0.066666667,0.0,0.0,Jul,2,4,1,2,Returning_Visitor,False
3,49.2,0,0.0,17,300.7666667,0.004761905,0.022222222,0.0,0.0,Jul,1,1,3,4,Returning_Visitor,False
1,4.0,0,0.0,15,377.5,0.0,0.002040816,69.7132141,0.0,Nov,8,13,9,20,Other,False
7,108.0,2,42.0,32,879.9166667,0.02195122,0.030226481,11.19263415,0.0,May,1,1,1,4,Returning_Visitor,False
7,53.25,0,0.0,42,650.0333333,0.004347826,0.006521739,0.0,0.0,May,2,2,2,4,Returning_Visitor,False
0,0.0,0,0.0,57,4115.233333,0.003508772,0.018421053,0.0,0.0,May,2,2,3,13,Returning_Visitor,False
0,0.0,0,0.0,6,82.0,0.15,0.183333333,0.0,0.6,May,2,2,3,1,Returning_Visitor,False
0,0.0,1,6.0,39,720.15,0.005128205,0.017948718,0.0,0.0,Nov,2,4,7,2,Returning_Visitor,False
7,70.0,4,35.0,131,4442.394444,0.011678832,0.014283502,0.0,0.0,Nov,4,1,1,2,Returning_Visitor,True
0,0.0,0,0.0,17,399.5,0.017647059,0.047058824,0.0,0.0,Dec,2,2,1,2,Returning_Visitor,False
3,98.5,0,0.0,27,702.3333333,0.023214286,0.042261905,0.0,0.0,Dec,2,2,7,2,Returning_Visitor,False
3,52.4,0,0.0,25,324.2666667,0.0,0.032692308,0.0,0.0,Sep,2,2,1,5,Returning_Visitor,False
0,0.0,0,0.0,19,295.8333333,0.0,0.010526316,0.0,0.0,Nov,2,2,2,2,New_Visitor,False
0,0.0,0,0.0,2,0.0,0.2,0.2,0.0,0.0,Mar,2,2,1,3,Returning_Visitor,False
0,0.0,1,48.0,32,1808.333333,0.05,0.075208333,12.484125,0.4,May,3,2,8,1,Returning_Visitor,False
2,29.0,1,0.0,9,536.0,0.0,0.018181818,37.51854545,0.0,May,2,2,3,4,New_Visitor,False
2,36.5,0,0.0,47,1073.31002,0.004787234,0.029749907,0.0,0.0,Nov,1,1,1,3,Returning_Visitor,True
0,0.0,3,44.0,52,1216.364286,0.050909091,0.073225108,0.0,0.0,Sep,3,2,1,13,Returning_Visitor,True
0,0.0,0,0.0,4,151.5,0.0,0.05,0.0,0.0,Mar,3,2,1,1,Returning_Visitor,False
9,188.5322344,3,197.4166667,76,1758.912393,0.004901961,0.016913178,22.86584543,0.0,Dec,3,2,2,6,Returning_Visitor,False
0,0.0,0,0.0,8,561.5,0.0,0.05,0.0,0.0,Dec,2,4,7,20,Returning_Visitor,False
0,0.0,0,0.0,4,219.5,0.0,0.016666667,0.0,0.0,May,1,2,2,2,Returning_Visitor,False
0,0.0,0,0.0,15,827.1666667,0.013333333,0.046666667,0.0,0.0,Dec,1,1,8,20,Returning_Visitor,False
0,0.0,0,0.0,1,0.0,0.2,0.2,0.0,0.0,Dec,3,2,1,13,Returning_Visitor,False
1,2.0,0,0.0,143,5149.434919,0.004195804,0.014489415,0.0,0.0,Nov,2,2,1,1,Returning_Visitor,True
0,0.0,0,0.0,1,0.0,0.2,0.2,0.0,0.0,May,2,2,1,3,Returning_Visitor,False
4,23.375,2,231.6,35,996.1480769,0.006081081,0.041741742,0.0,0.0,Nov,2,2,5,2,Returning_Visitor,True
0,0.0,0,0.0,10,1656.666667,0.06,0.1,0.0,0.0,Mar,4,2,1,3,Returning_Visitor,False
0,0.0,0,0.0,2,134.0,0.0,0.1,0.0,0.0,Mar,3,2,7,9,Returning_Visitor,True
0,0.0,0,0.0,10,225.4666667,0.0,0.05,0.0,0.4,Feb,1,1,8,3,Returning_Visitor,False
3,81.0,0,0.0,19,448.0333333,0.0,0.012857143,0.0,0.0,May,3,2,5,4,Returning_Visitor,True
5,34.5,0,0.0,8,154.5,0.022222222,0.014814815,0.0,0.0,Dec,3,2,4,2,Returning_Visitor,False
3,47.4,0,0.0,21,961.52,0.030434783,0.053623188,0.0,0.0,Aug,3,2,4,4,Returning_Visitor,False
2,683.0,0,0.0,16,1215.766667,0.0,0.005882353,30.57647059,0.0,May,2,2,1,4,New_Visitor,False
1,13.0,0,0.0,28,611.94,0.0,0.006896552,0.0,0.0,Sep,3,2,1,1,Returning_Visitor,False
0,0.0,0,0.0,5,309.0,0.05,0.045,0.0,0.0,May,1,1,1,2,Returning_Visitor,True
1,0.0,0,0.0,1,0.0,0.2,0.2,0.0,0.6,May,1,1,4,2,Returning_Visitor,False
2,64.5,1,0.0,97,2696.10873,0.003436426,0.021408935,5.770973155,0.0,Nov,2,2,1,13,Returning_Visitor,False
0,0.0,0,0.0,15,450.2,0.0,0.021904762,0.0,0.0,May,2,2,7,2,Returning_Visitor,False
8,213.75,2,45.5,30,2054.841667,0.0,0.001041667,21.9646242,0.0,Dec,1,1,6,2,New_Visitor,False
9,150.0,0,0.0,128,1799.144235,0.009237379,0.020182874,0.0,0.8,May,3,2,3,13,Returning_Visitor,False
2,287.5,2,12.5,9,979.0,0.01025641,0.041025641,0.0,0.0,Oct,1,1,4,3,Returning_Visitor,False
1,28.2,0,0.0,1,0.0,0.0,0.05,0.0,0.0,Sep,1,1,1,5,New_Visitor,False
0,0.0,0,0.0,5,64.0,0.0,0.1,0.0,0.0,Sep,2,2,6,2,Returning_Visitor,False
0,0.0,0,0.0,5,108.0,0.0,0.04,0.0,0.0,Dec,2,2,1,2,New_Visitor,False
0,0.0,1,6.0,65,2349.101818,0.018785882,0.046505418,0.0,0.0,Jul,2,2,2,3,Returning_Visitor,False
0,0.0,0,0.0,19,583.1666667,0.010526316,0.030701754,0.0,0.8,May,2,4,1,3,Returning_Visitor,False
3,76.5,0,0.0,55,2846.295305,0.010344828,0.028962492,0.0,0.0,Jul,2,2,1,13,Returning_Visitor,False
3,77.5,0,0.0,35,1000.8,0.0,0.013888889,0.0,0.0,Dec,4,2,1,6,Returning_Visitor,False
0,0.0,0,0.0,18,1217.85,0.0,0.020833333,0.0,0.6,May,2,5,1,4,Returning_Visitor,False
6,189.0,0,0.0,21,704.3,0.0,0.018478261,0.0,0.0,Dec,1,2,8,2,New_Visitor,False
0,0.0,0,0.0,1,0.0,0.2,0.2,0.0,0.0,Jul,3,2,1,4,Returning_Visitor,True
2,34.0,0,0.0,35,1907.135417,0.006944444,0.021993464,64.25350176,0.0,Dec,2,2,1,10,Returning_Visitor,True
0,0.0,0,0.0,8,258.8333333,0.0375,0.03125,0.0,0.0,May,3,2,6,4,Returning_Visitor,True
5,71.66666667,1,4.0,59,1702.369048,0.00078125,0.009867424,6.560625,0.0,May,2,2,6,1,Returning_Visitor,False
0,0.0,0,0.0,2,57.5,0.0,0.1,0.0,0.0,Dec,1,1,4,2,Returning_Visitor,False
0,0.0,0,0.0,175,12634.62089,0.001156069,0.022134495,3.984110696,0.0,May,2,2,1,1,Returning_Visitor,True
2,136.4,0,0.0,41,1275.26927,0.0,0.013461742,0.0,0.0,Nov,3,2,4,3,Returning_Visitor,True
5,147.4,0,0.0,12,1226.1,0.022222222,0.037301587,5.034409251,0.0,Sep,3,2,2,1,Returning_Visitor,False
0,0.0,0,0.0,22,681.58,0.00952381,0.025396825,14.63523974,0.0,Nov,1,1,1,3,Returning_Visitor,True
0,0.0,5,53.83333333,2,31.16666667,0.0,0.033333333,0.0,0.0,Nov,2,2,4,2,Returning_Visitor,False
5,99.66666667,0,0.0,14,1714.166667,0.0,0.022222222,33.196,0.0,May,2,2,1,2,Returning_Visitor,False
0,0.0,0,0.0,3,333.0,0.0,0.066666667,0.0,0.0,Mar,2,2,2,1,Returning_Visitor,True
2,20.2,0,0.0,14,1261.316667,0.0,0.009183673,0.0,0.0,Aug,2,2,1,5,Returning_Visitor,False
2,146.9,0,0.0,45,6707.54,0.011363636,0.019859307,4.023323663,0.0,Oct,2,2,8,2,Returning_Visitor,False
2,55.0,0,0.0,16,1851.5,0.023529412,0.041176471,0.0,0.0,May,2,5,1,1,Returning_Visitor,False
0,0.0,0,0.0,11,507.3333333,0.0,0.018181818,0.0,0.0,May,2,4,1,3,Returning_Visitor,False
9,111.5,1,48.5,49,1868.819697,0.0,0.020708874,1.706014966,0.0,Mar,2,2,7,2,Returning_Visitor,False
0,0.0,0,0.0,15,225.0,0.0,0.026666667,0.0,0.0,May,2,2,7,3,Returning_Visitor,False
2,54.5,0,0.0,5,66.5,0.0,0.028571429,0.0,0.0,Dec,8,13,9,20,Other,False
10,214.6214286,1,114.0,36,673.6380952,0.019379845,0.032443035,0.0,0.0,Nov,1,1,1,2,Returning_Visitor,False
18,608.14,6,733.8,168,4948.398759,0.006631763,0.013527508,10.15064372,0.0,Aug,2,2,3,1,Returning_Visitor,True
0,0.0,0,0.0,2,19.0,0.0,0.1,0.0,0.0,May,1,1,3,3,Returning_Visitor,False
0,0.0,0,0.0,3,12.0,0.066666667,0.133333333,0.0,0.0,May,2,4,3,6,Returning_Visitor,False
1,143.0,4,48.0,16,333.75,0.0,0.003333333,0.0,0.0,Mar,1,1,1,2,New_Visitor,False
0,0.0,0,0.0,96,2857.712454,0.002393617,0.019742908,0.0,0.0,Nov,3,2,1,6,Returning_Visitor,True
0,0.0,0,0.0,7,87.71428571,0.042857143,0.089285714,0.0,0.0,Mar,3,2,1,3,Returning_Visitor,False
2,14.0,0,0.0,81,1441.910588,0.002469136,0.013932981,2.76959892,0.0,Nov,2,2,3,2,Returning_Visitor,False
0,0.0,0,0.0,6,234.5,0.1,0.133333333,0.0,0.0,Nov,1,1,7,10,Returning_Visitor,True
5,216.25,2,107.0,39,1056.511364,0.02,0.031666667,0.0,0.0,Dec,3,2,1,1,Returning_Visitor,True
4,659.5066667,3,92.7,160,2006.59312,0.002453988,0.013361447,9.453449065,0.0,Aug,2,2,7,2,Returning_Visitor,False
0,0.0,0,0.0,7,38.0,0.0,0.042857143,0.0,0.0,Mar,2,2,3,1,Returning_Visitor,False
5,40.13636364,0,0.0,35,840.9952922,0.005263158,0.012593985,64.72238907,0.0,Nov,2,2,1,1,Returning_Visitor,False
5,52.0,0,0.0,21,743.9166667,0.004,0.016,0.0,0.0,May,2,2,1,4,Returning_Visitor,False
0,0.0,0,0.0,4,93.0,0.0,0.1,0.0,0.0,Mar,2,2,9,6,Returning_Visitor,False
0,0.0,1,0.0,48,783.6944444,0.012244898,0.01877551,0.0,0.0,Dec,2,2,3,2,Returning_Visitor,False
0,0.0,0,0.0,18,2334.916667,0.011111111,0.017592593,0.0,0.0,Dec,3,2,1,1,Returning_Visitor,False
0,0.0,0,0.0,51,2786.916667,0.003921569,0.011764706,0.0,0.0,Nov,2,2,1,3,Returning_Visitor,False
1,4.0,0,0.0,26,242.1095238,0.0,0.004273504,0.0,0.0,June,4,1,2,1,Returning_Visitor,False
1,54.4,0,0.0,1,101.2727273,0.0,0.007042254,0.0,0.0,Sep,2,2,4,2,Returning_Visitor,False
4,160.5833333,1,136.75,21,1632.733333,0.0,0.004545455,16.53909091,0.0,May,2,2,4,2,New_Visitor,True
0,0.0,0,0.0,20,1245.57619,0.0,0.005263158,0.0,0.0,Nov,3,2,1,3,Returning_Visitor,False
9,501.4833333,0,0.0,97,2293.490129,0.011455734,0.02697054,2.209972688,0.0,Aug,1,1,3,4,Returning_Visitor,False
1,89.0,0,0.0,17,1175.5,0.0,0.0125,9.74025,0.0,May,1,1,3,4,New_Visitor,True
0,0.0,0,0.0,16,431.5,0.05625,0.092083333,0.0,0.2,May,3,2,1,13,Returning_Visitor,False
0,0.0,0,0.0,3,823.5,0.0,0.066666667,0.0,0.0,Dec,2,2,3,8,Returning_Visitor,False
2,10.3,0,0.0,142,4204.433333,0.009722222,0.021345899,0.770991864,0.0,Jul,2,2,4,13,Returning_Visitor,False
4,81.6,0,0.0,45,1096.42,0.041945289,0.072659574,0.0,0.0,Jul,3,2,6,13,Returning_Visitor,False
3,35.4,0,0.0,38,937.8075758,0.01025641,0.039316239,0.0,0.0,Jul,3,2,1,1,Returning_Visitor,False
1,11.16666667,3,63.5,28,2245.333333,0.002580645,0.028494624,36.2003121,0.0,Nov,4,2,1,11,Returning_Visitor,False
4,141.7619048,0,0.0,20,850.0357143,0.025,0.041666667,0.0,0.0,May,2,2,6,4,Returning_Visitor,False
3,57.425,3,55.0,11,281.425,0.004166667,0.053125,0.0,0.0,Nov,2,2,4,2,Returning_Visitor,False
0,0.0,0,0.0,4,17.0,0.0,0.075,0.0,0.0,Mar,2,2,1,1,Returning_Visitor,False
4,264.1333333,1,152.2,47,906.1166667,0.0,0.002614379,0.0,0.0,Aug,3,2,3,2,New_Visitor,True
2,83.0,2,40.0,241,5194.79857,0.003101093,0.014304381,0.468406088,0.0,Dec,2,4,1,1,Returning_Visitor,False
7,131.8333333,0,0.0,63,2074.611111,0.010793651,0.02000962,0.0,0.0,Dec,3,2,3,10,Returning_Visitor,False
0,0.0,0,0.0,3,11.0,0.033333333,0.166666667,0.0,0.6,May,2,4,1,6,Returning_Visitor,False
0,0.0,0,0.0,4,72.5,0.0,0.05,0.0,0.0,Dec,1,1,8,10,Returning_Visitor,False
1,18.2,1,9.0,30,3959.45,0.024652778,0.060590278,0.0,0.0,Dec,2,2,6,3,Returning_Visitor,False
3,23.0,0,0.0,14,243.8333333,0.0,0.011764706,0.0,0.0,May,2,4,2,2,New_Visitor,False
1,42.0,2,80.5,46,838.6833333,0.0,0.015416667,0.0,0.0,Mar,2,2,1,10,Returning_Visitor,False
4,50.93333333,0,0.0,67,860.021746,0.0,0.002083333,0.0,0.0,Sep,2,4,1,5,New_Visitor,False
1,14.0,0,0.0,10,90.0,0.0,0.018181818,0.0,0.0,Mar,2,2,2,10,New_Visitor,False
2,22.5,0,0.0,28,686.3222222,0.0,0.001190476,0.0,0.0,Mar,2,4,3,1,Returning_Visitor,False
7,108.6666667,6,853.75,194,6737.271825,0.000123762,0.006138614,0.0,0.0,Mar,2,5,1,3,Returning_Visitor,True
0,0.0,0,0.0,34,538.48,0.0,0.005882353,5.860439769,0.0,Sep,2,2,7,2,Returning_Visitor,False
9,125.2659091,2,115.0,146,3231.853672,0.007792208,0.016586922,8.597486055,0.0,Dec,2,2,9,2,Returning_Visitor,True
0,0.0,0,0.0,8,5.0,0.15,0.175,0.0,0.4,May,2,2,1,11,Returning_Visitor,False
6,270.75,0,0.0,6,217.5,0.0,0.02,0.0,0.0,Dec,3,2,4,2,New_Visitor,True
1,5.5,1,12.0,54,1470.966667,0.009090909,0.024545455,0.0,0.0,Mar,3,2,4,2,Returning_Visitor,False
0,0.0,0,0.0,6,75.2,0.033333333,0.05,0.0,0.0,Jul,3,2,2,3,Returning_Visitor,False
0,0.0,0,0.0,43,654.0666667,0.0,0.029844961,0.0,0.0,Jul,2,2,7,3,Returning_Visitor,False
1,260.0,0,0.0,11,198.1666667,0.0,0.008333333,0.0,0.0,May,2,2,9,2,New_Visitor,False
17,218.741707,4,808.5,74,3591.744196,0.019767442,0.015609868,0.0,0.0,Nov,3,2,1,2,Returning_Visitor,False
6,90.1,0,0.0,35,643.05,0.0,0.015789474,0.0,0.0,Oct,1,1,3,4,Returning_Visitor,True
0,0.0,0,0.0,23,836.5,0.0,0.013043478,0.0,0.0,Nov,3,2,3,2,Returning_Visitor,False
18,255.7166667,0,0.0,184,7706.546429,0.002083333,0.013793271,6.738395238,0.0,May,2,2,9,6,Returning_Visitor,False
2,94.0,0,0.0,5,97.0,0.0,0.033333333,0.0,0.0,Mar,3,3,1,10,Returning_Visitor,False
5,73.75,0,0.0,131,2244.616667,0.005343511,0.017506361,0.0,0.0,Nov,2,2,1,2,Returning_Visitor,False
0,0.0,0,0.0,7,343.25,0.0,0.028571429,49.36350729,0.0,Nov,2,2,2,7,Returning_Visitor,True
0,0.0,7,840.5833333,162,5918.308915,0.004790419,0.019256933,0.0,0.0,Nov,2,2,1,1,Returning_Visitor,False
0,0.0,0,0.0,89,2924.432937,0.006741573,0.024478493,0.0,0.0,Nov,2,2,1,10,Returning_Visitor,False
3,189.0,1,32.0,26,1517.9,0.0,0.007142857,34.34857143,0.0,May,2,2,7,1,New_Visitor,False
2,58.5,2,125.0,16,485.8333333,0.0,0.002222222,0.0,0.0,Mar,2,2,7,2,New_Visitor,True
6,104.1136364,3,95.0,95,2411.789279,0.0,0.01068254,16.78420229,0.0,May,3,2,5,6,Returning_Visitor,False
4,47.83333333,0,0.0,69,2499.990079,0.0,0.007608395,0.0,0.0,Nov,2,2,8,2,New_Visitor,False
0,0.0,0,0.0,58,1599.5,0.0,0.007142857,0.0,0.0,Nov,4,2,1,3,Returning_Visitor,False
8,410.9,5,406.9,24,1220.257143,0.011764706,0.024215686,8.887671892,0.0,Oct,3,2,2,2,Returning_Visitor,False
0,0.0,0,0.0,11,2076.75,0.036363636,0.081818182,0.0,0.0,Nov,2,2,4,3,Returning_Visitor,False
1,7.0,0,0.0,17,2648.5,0.0125,0.03125,0.0,0.0,Mar,2,2,1,2,Returning_Visitor,False
0,0.0,0,0.0,116,5389.883333,0.009565217,0.020786749,0.0,0.0,Nov,3,2,1,1,Returning_Visitor,False
0,0.0,0,0.0,30,901.2888889,0.0,0.007333333,34.14841957,0.0,Dec,2,2,7,2,New_Visitor,False
2,22.0,1,49.0,22,602.1666667,0.0,0.008695652,0.0,0.0,Mar,2,2,1,2,New_Visitor,True
6,413.4996124,0,0.0,83,6072.032391,0.007058824,0.024023709,1.240071108,0.0,Nov,3,2,8,1,Returning_Visitor,True
0,0.0,0,0.0,1,0.0,0.2,0.2,0.0,0.0,Sep,1,8,1,1,Returning_Visitor,False
1,0.0,0,0.0,65,732.0916667,0.00625,0.0203125,2.734351538,0.0,Dec,2,2,1,2,Returning_Visitor,True
4,60.0,3,37.83333333,21,868.0166667,0.0,0.008,40.72562976,0.0,Dec,1,1,1,2,New_Visitor,False
3,118.5,0,0.0,11,241.625,0.0,0.012727273,0.0,0.0,Dec,3,2,3,1,Returning_Visitor,True
3,55.75,0,0.0,55,1139.638889,0.003508772,0.03245614,6.190582078,0.0,Dec,2,2,3,10,Returning_Visitor,False
4,76.0,0,0.0,28,866.0,0.0,0.02183908,0.0,0.0,Mar,2,2,4,1,Returning_Visitor,False
4,99.5,0,0.0,46,953.0686869,0.0,0.014285714,0.0,0.0,May,1,1,6,4,Returning_Visitor,True
1,0.0,0,0.0,23,440.5833333,0.025,0.036666667,0.0,0.0,Dec,1,1,8,2,Returning_Visitor,True
2,113.75,4,125.0,20,933.55,0.008333333,0.035416667,60.97758829,0.0,Dec,3,2,3,2,Returning_Visitor,False
1,26.2,0,0.0,13,245.1666667,0.0,0.0,58.9241766,0.0,Aug,2,5,3,4,New_Visitor,False
0,0.0,0,0.0,7,151.4166667,0.0,0.011111111,0.0,0.0,Dec,8,13,9,20,Other,False
0,0.0,0,0.0,5,197.0,0.0,0.06,0.0,0.0,May,2,2,7,3,Returning_Visitor,True
5,43.325,1,295.4,20,675.6846244,0.026634769,0.049669967,0.0,0.0,Jul,1,1,4,2,Returning_Visitor,False
0,0.0,0,0.0,14,380.5,0.014285714,0.028571429,0.0,0.0,Feb,2,2,1,1,Returning_Visitor,False
1,57.0,3,144.0,15,280.0833333,0.010526316,0.021052632,0.0,0.0,May,3,2,6,4,Returning_Visitor,True
4,81.5,0,0.0,12,223.5833333,0.0,0.002666667,0.0,0.0,Mar,1,1,1,3,Returning_Visitor,False
0,0.0,0,0.0,17,391.8666667,0.0,0.029411765,0.0,1.0,May,2,2,1,1,Returning_Visitor,True
9,122.5171429,0,0.0,167,3890.865924,0.002339181,0.009653998,0.0,0.0,Jul,2,2,1,2,Returning_Visitor,False
2,98.0,0,0.0,29,1407.375,0.0,0.006666667,39.59436227,0.0,Dec,2,2,4,1,Returning_Visitor,True
0,0.0,0,0.0,20,1985.0,0.03,0.055,0.0,0.0,Mar,1,1,1,1,Returning_Visitor,False
0,0.0,0,0.0,8,64.0,0.0,0.05,0.0,0.0,Dec,2,2,3,8,New_Visitor,False
6,123.4642857,0,0.0,34,1570.469048,0.001052632,0.010431717,19.66912605,0.0,Dec,2,2,2,7,Returning_Visitor,True
0,0.0,0,0.0,145,4108.808442,0.007552448,0.023216783,0.0,0.0,Nov,2,2,4,2,Returning_Visitor,False
2,63.0,0,0.0,35,850.3333333,0.0,0.005405405,0.0,0.0,Mar,2,2,3,2,New_Visitor,True
2,31.5,0,0.0,27,811.8630952,0.0,0.015873016,0.0,0.0,Nov,1,1,4,8,Returning_Visitor,True
0,0.0,0,0.0,12,471.5,0.016666667,0.066666667,0.0,0.0,Mar,1,1,6,3,Returning_Visitor,False
3,77.83333333,0,0.0,26,812.1047619,0.021428571,0.038095238,0.0,0.0,Nov,1,2,3,2,Returning_Visitor,False
0,0.0,0,0.0,16,1599.266667,0.0,0.013333333,0.0,0.0,May,4,2,2,13,Returning_Visitor,False
0,0.0,0,0.0,15,270.0,0.028571429,0.035714286,0.0,0.0,Mar,2,2,7,1,Returning_Visitor,False
0,0.0,0,0.0,26,409.3,0.007692308,0.038461538,0.0,0.0,Jul,1,1,1,1,Returning_Visitor,False
2,338.0,0,0.0,17,1205.566667,0.0125,0.0375,19.23625,0.8,May,3,2,2,2,Returning_Visitor,False
0,0.0,2,324.5,4,64.25,0.0,0.033333333,0.0,0.0,Dec,3,3,2,8,New_Visitor,False
4,226.6,2,7.0,33,849.7444444,0.021929825,0.042105263,0.0,0.0,Sep,3,2,1,13,Returning_Visitor,True
0,0.0,0,0.0,1,0.0,0.2,0.2,0.0,0.0,May,2,2,1,1,Returning_Visitor,False
0,0.0,0,0.0,1,0.0,0.2,0.2,0.0,0.0,May,2,2,1,1,Returning_Visitor,False
0,0.0,0,0.0,15,139.8333333,0.026666667,0.053333333,0.0,0.0,Mar,2,2,6,1,Returning_Visitor,False
0,0.0,0,0.0,10,351.75,0.033333333,0.05,0.0,0.0,Dec,2,2,4,1,Returning_Visitor,True
0,0.0,0,0.0,21,1005.833333,0.009090909,0.039393939,0.0,0.0,Dec,2,2,2,2,Returning_Visitor,False
0,0.0,0,0.0,20,2065.15,0.005,0.034444444,0.0,0.8,May,1,1,1,3,Returning_Visitor,False
0,0.0,0,0.0,15,143.75,0.08,0.091555556,0.0,0.6,May,3,2,1,13,Returning_Visitor,False
0,0.0,0,0.0,39,1779.886905,0.01025641,0.028972694,0.0,0.0,Dec,1,1,4,2,Returning_Visitor,True
3,49.5,0,0.0,27,702.6431624,0.015517241,0.027155172,0.0,0.0,Nov,3,2,3,3,Returning_Visitor,False
0,0.0,0,0.0,61,1964.847222,0.021311475,0.041065574,0.0,0.0,Nov,3,2,2,13,Returning_Visitor,False
2,51.5,2,99.5,15,771.875,0.01,0.026666667,15.39534668,0.0,Dec,2,2,3,2,Returning_Visitor,False
11,471.6266667,4,235.6,22,883.12,0.006451613,0.018196857,19.43795945,0.0,Sep,3,2,3,4,Returning_Visitor,False
6,108.9166667,0,0.0,24,516.4166667,0.0,0.013333333,8.1816,0.0,May,2,2,1,5,Returning_Visitor,True
1,4.0,0,0.0,39,983.1388889,0.015384615,0.017599068,0.0,0.0,Nov,3,2,6,3,Returning_Visitor,False
0,0.0,0,0.0,3,164.0,0.0,0.1,0.0,0.0,May,3,2,1,3,Returning_Visitor,False
1,30.2,0,0.0,30,613.9933333,0.025287356,0.035139573,0.0,0.0,Oct,1,1,1,1,Returning_Visitor,True
0,0.0,1,26.0,15,817.4166667,0.026666667,0.038222222,0.0,0.0,Mar,2,2,6,1,Returning_Visitor,False
0,0.0,0,0.0,2,0.0,0.2,0.2,0.0,0.0,May,3,2,3,4,Returning_Visitor,True
6,110.0,0,0.0,21,884.3333333,0.0,0.016231884,17.94797101,0.0,May,1,2,5,2,Returning_Visitor,False
4,92.25,1,0.0,47,1506.220833,0.0,0.025596405,8.011553351,0.4,May,2,2,1,2,Returning_Visitor,False
0,0.0,0,0.0,15,337.0,0.02,0.032222222,0.0,0.0,Jul,1,8,1,1,Returning_Visitor,False
0,0.0,0,0.0,23,209.8333333,0.002173913,0.030434783,0.0,0.0,May,2,2,1,13,Returning_Visitor,False
0,0.0,0,0.0,5,109.25,0.0,0.08,0.0,0.0,Nov,2,10,1,2,Returning_Visitor,False
0,0.0,0,0.0,18,628.8333333,0.0,0.005555556,0.0,0.0,Mar,1,1,2,2,Returning_Visitor,True
10,614.1666667,0,0.0,47,3608.9,0.0,0.019871795,7.256219133,0.0,Mar,2,2,3,1,Returning_Visitor,False
0,0.0,0,0.0,20,497.0,0.015,0.045416667,0.0,0.0,May,3,2,1,1,Returning_Visitor,False
0,0.0,0,0.0,3,52.0,0.0,0.066666667,0.0,0.0,Mar,2,5,8,3,Returning_Visitor,True
17,856.8333333,0,0.0,78,4716.572619,0.011494253,0.026155811,0.0,0.0,Dec,3,2,1,1,Returning_Visitor,True
0,0.0,0,0.0,8,170.5333333,0.0,0.0,37.96905976,0.0,Aug,2,5,1,5,New_Visitor,False
11,200.42,0,0.0,31,697.5866667,0.0075,0.0325,0.0,0.0,June,2,2,2,2,Returning_Visitor,False
0,0.0,0,0.0,2,22.0,0.0,0.1,0.0,0.0,Dec,2,2,3,1,Returning_Visitor,False
11,189.4833333,1,303.2,91,4864.147143,0.0,0.002380952,0.0,0.0,Oct,2,2,1,2,New_Visitor,True
0,0.0,0,0.0,2,17.0,0.0,0.1,0.0,0.0,May,2,2,2,4,Returning_Visitor,False
2,9.0,0,0.0,23,1516.2,0.016,0.028,17.72722287,0.0,June,2,2,5,2,Returning_Visitor,False
1,10.0,0,0.0,14,624.4333333,0.0,0.015238095,0.0,0.0,Nov,2,2,1,1,Returning_Visitor,False
0,0.0,1,55.0,9,936.8333333,0.0,0.022222222,53.25533333,0.0,Mar,1,1,1,2,Returning_Visitor,True
5,43.5,0,0.0,6,110.3333333,0.0,0.02,0.0,0.0,Dec,2,2,8,8,New_Visitor,True
5,150.7,0,0.0,12,201.6,0.026666667,0.04,0.0,0.0,Oct,1,1,4,2,New_Visitor,False
1,42.5,1,12.83333333,104,4054.755952,0.003883495,0.010097087,141.4590538,0.0,Nov,2,2,1,2,Returning_Visitor,False
0,0.0,0,0.0,11,315.58,0.0,0.054545455,0.0,0.0,Jul,2,2,4,1,Returning_Visitor,True
0,0.0,0,0.0,6,224.0,0.0,0.016666667,0.0,0.0,May,4,1,3,2,Returning_Visitor,False
0,0.0,2,0.0,3,56.75,0.1,0.125,0.0,0.0,Nov,1,1,1,2,Returning_Visitor,False
2,87.0,0,0.0,106,3156.501914,0.000628931,0.009577934,0.0,0.0,May,4,2,3,6,Returning_Visitor,False
5,52.5,0,0.0,24,1365.5,0.002777778,0.03,0.0,0.0,May,2,7,7,4,Returning_Visitor,True
7,191.2,4,654.3333333,31,1204.600433,0.000854701,0.013342491,11.92009615,0.0,Mar,2,2,7,2,Returning_Visitor,False
3,304.0,0,0.0,31,1735.301587,0.015625,0.0515625,0.0,0.0,Mar,1,1,2,1,Returning_Visitor,False
0,0.0,0,0.0,62,1136.60303,0.0,0.003517665,0.0,0.0,Mar,1,1,1,3,Returning_Visitor,True
0,0.0,0,0.0,9,171.0,0.022222222,0.066666667,0.0,0.0,Mar,2,10,4,3,Returning_Visitor,False
0,0.0,0,0.0,2,54.0,0.05,0.15,0.0,0.0,May,1,1,1,1,Returning_Visitor,False
2,93.0,2,221.0,41,716.7916667,0.008888889,0.041481481,0.0,0.0,Nov,2,2,3,2,Returning_Visitor,False
5,401.15,0,0.0,38,1570.681813,0.005980066,0.015724311,24.51269374,0.0,Sep,2,4,7,4,Returning_Visitor,False
1,0.0,0,0.0,7,37.0,0.083333333,0.108333333,0.0,0.6,May,1,1,2,4,Returning_Visitor,False
3,1373.5,0,0.0,43,2798.07381,0.0,0.010971006,2.915511628,0.0,Mar,2,6,2,3,Returning_Visitor,False
0,0.0,0,0.0,1,0.0,0.2,0.2,0.0,0.0,May,2,2,2,1,Returning_Visitor,False
1,67.4,0,0.0,14,590.5533333,0.0,0.007142857,38.06520001,0.0,Aug,2,2,1,5,New_Visitor,False
0,0.0,0,0.0,14,340.0,0.0,0.015384615,23.388,0.0,May,2,2,3,1,Returning_Visitor,True
0,0.0,0,0.0,11,200.85,0.036363636,0.047107438,0.0,0.0,Mar,1,1,2,1,Returning_Visitor,False
9,222.5,2,46.66666667,20,1267.155556,0.001481481,0.017977208,16.1728,0.0,Mar,2,2,3,2,Returning_Visitor,False
1,11.5,0,0.0,19,887.8,0.008823529,0.032679739,0.0,0.0,Nov,3,2,1,3,Returning_Visitor,False
0,0.0,0,0.0,31,485.6333333,0.019354839,0.038709677,0.0,0.0,Jul,2,2,1,4,Returning_Visitor,False
0,0.0,0,0.0,13,454.5,0.0,0.016666667,0.0,0.0,May,3,2,4,13,Returning_Visitor,False
4,64.46428571,0,0.0,29,1414.589286,0.0,0.0125,21.05431578,0.0,Dec,2,2,1,2,Returning_Visitor,False
4,56.0,0,0.0,10,709.0,0.0,0.016666667,0.0,0.0,Mar,2,2,1,2,New_Visitor,False
1,43.0,0,0.0,36,2362.5,0.0,0.016190476,0.0,0.6,May,2,5,1,4,Returning_Visitor,False
0,0.0,0,0.0,9,867.0,0.022222222,0.051851852,0.0,0.0,Nov,1,1,1,3,Returning_Visitor,False
5,116.2,0,0.0,38,1057.033333,0.030769231,0.05,0.0,0.0,Nov,1,8,1,1,Returning_Visitor,False
0,0.0,3,121.25,89,3296.602091,0.00326087,0.017287492,0.0,0.0,Dec,1,1,4,2,Returning_Visitor,False
2,64.5,0,0.0,52,2120.630952,0.0,0.011965812,0.0,0.0,Nov,2,2,1,2,Returning_Visitor,False
7,184.9333333,4,277.5,70,3993.135714,0.006,0.014539683,32.09724943,0.0,Nov,3,2,1,2,Returning_Visitor,True
1,69.5,0,0.0,16,895.8095238,0.0,0.004444444,32.14213333,0.6,May,3,2,2,6,Returning_Visitor,False
3,182.6428571,3,119.375,64,2671.06994,0.000275482,0.017352092,37.59646822,0.0,Nov,2,5,6,2,Returning_Visitor,False
0,0.0,0,0.0,2,37.0,0.0,0.1,0.0,0.2,May,2,2,6,3,Returning_Visitor,False
1,24.0,0,0.0,54,801.5095238,0.00754717,0.013274933,0.0,0.2,May,1,1,1,3,Returning_Visitor,False
0,0.0,0,0.0,2,5.0,0.0,0.1,0.0,0.0,Mar,2,2,1,1,Returning_Visitor,True
9,468.3666667,1,88.0,114,3772.405525,0.0,0.001680672,42.41914286,0.0,May,2,2,2,14,Returning_Visitor,True
0,0.0,0,0.0,17,559.75,0.011764706,0.019607843,0.0,0.0,Nov,1,1,3,3,Returning_Visitor,False
0,0.0,1,2.0,12,1311.0,0.053333333,0.084722222,0.0,0.0,May,3,2,1,15,Returning_Visitor,False
0,0.0,0,0.0,30,1029.583333,0.003571429,0.009166667,0.0,0.0,Dec,3,2,1,2,Returning_Visitor,False
10,170.9263566,0,0.0,282,4339.924841,0.002040816,0.011461095,2.395283135,0.0,Sep,2,2,4,1,Returning_Visitor,False
0,0.0,0,0.0,10,146.7666667,0.0,0.002272727,0.0,0.0,May,2,4,1,1,Returning_Visitor,False
4,91.0,2,39.0,16,1280.166667,0.0,0.004761905,39.81885714,0.0,May,2,4,4,4,New_Visitor,False
0,0.0,0,0.0,2,27.0,0.15,0.15,0.0,0.0,Feb,1,1,7,2,Returning_Visitor,False
0,0.0,0,0.0,27,1009.375,0.007407407,0.040740741,0.0,0.0,Nov,2,2,1,2,New_Visitor,True
1,5.0,0,0.0,17,463.6666667,0.0,0.024444444,0.0,0.0,May,2,2,7,4,Returning_Visitor,True
10,150.2083333,0,0.0,14,221.2083333,0.0,0.012698413,0.0,0.0,Dec,2,2,4,2,New_Visitor,False
0,0.0,0,0.0,91,2056.106981,0.008888889,0.023937057,0.0,0.0,Nov,2,2,1,2,Returning_Visitor,True
1,15.0,1,157.0,36,3010.532051,0.0,0.014619883,0.0,0.0,May,2,2,3,2,Returning_Visitor,True
15,161.764411,7,227.25,104,6254.420122,0.028065242,0.036927442,3.431210317,0.0,May,3,2,1,2,Returning_Visitor,True
27,853.735949,2,126.5,584,24844.1562,0.00209938,0.009346937,4.511100422,0.0,Nov,2,4,3,8,Returning_Visitor,False
10,291.2357143,0,0.0,36,940.1044266,0.0,0.002845528,87.30695843,0.0,Aug,2,2,2,2,Returning_Visitor,False
0,0.0,0,0.0,29,438.8666667,0.0,0.020689655,0.0,0.0,Mar,4,2,3,1,Returning_Visitor,True
6,96.0,4,141.1666667,50,2871.262932,0.001851852,0.008161036,11.80233651,0.0,May,1,1,1,2,Returning_Visitor,False
3,49.5,1,29.5,45,1545.5,0.0,0.004,20.97144,0.0,Mar,2,4,3,8,Returning_Visitor,True
0,0.0,0,0.0,27,857.1833333,0.0,0.017283951,0.0,0.0,Nov,2,2,9,10,Returning_Visitor,False
2,18.0,4,15.0,30,569.1190476,0.0,0.04,0.0,0.0,May,2,2,1,4,Returning_Visitor,False
0,0.0,0,0.0,13,252.0,0.0,0.061538462,0.0,0.0,May,2,2,8,3,Returning_Visitor,False
3,101.6666667,0,0.0,22,2250.083333,0.0,0.019565217,32.70730435,0.0,May,2,4,4,1,Returning_Visitor,False
0,0.0,0,0.0,1,0.0,0.2,0.2,0.0,0.0,Nov,1,1,4,10,Returning_Visitor,False
0,0.0,1,2.5,14,592.5666667,0.013333333,0.023333333,0.0,1.0,May,3,2,3,3,Returning_Visitor,True
3,40.8,1,12.0,5,96.0,0.028571429,0.042857143,0.0,0.0,Sep,3,2,7,4,Returning_Visitor,True
6,180.0666667,0,0.0,3,111.8,0.0,0.007142857,0.0,0.0,Aug,2,2,9,5,New_Visitor,True
7,135.2,5,430.3333333,68,3974.534501,0.013513514,0.019008442,0.0,0.0,Nov,3,2,1,13,Returning_Visitor,True
0,0.0,0,0.0,1,0.0,0.2,0.2,0.0,0.0,Mar,2,2,4,11,Returning_Visitor,False
0,0.0,0,0.0,98,3556.61241,0.002061856,0.010173465,0.0,0.0,Mar,1,1,1,3,Returning_Visitor,False
2,37.33333333,1,5.0,30,797.7619048,0.012121212,0.034343434,0.0,0.0,Nov,1,1,1,2,Returning_Visitor,False
5,65.0,2,34.0,17,1302.5,0.0,0.016666667,0.0,0.0,Mar,1,1,1,10,Returning_Visitor,False
5,152.875,2,81.0,46,2295.182143,0.004081633,0.014873664,21.02481633,0.2,May,3,2,4,1,Returning_Visitor,False
0,0.0,0,0.0,1,0.0,0.2,0.2,0.0,0.0,Nov,2,2,1,1,Returning_Visitor,False
0,0.0,0,0.0,12,315.7797619,0.016666667,0.025,0.0,0.0,Nov,1,1,9,2,Returning_Visitor,True
5,117.3333333,4,82.0,33,813.3888889,0.028205128,0.050940171,0.0,0.0,May,3,2,8,4,Returning_Visitor,True
0,0.0,0,0.0,19,661.5,0.031578947,0.052631579,0.0,0.0,Nov,2,2,1,1,Returning_Visitor,False
3,116.5,0,0.0,15,320.25,0.0,0.005882353,0.0,0.0,Dec,1,1,4,6,Returning_Visitor,True
0,0.0,0,0.0,4,60.0,0.05,0.075,0.0,1.0,May,1,1,1,17,Returning_Visitor,True
0,0.0,0,0.0,5,161.5,0.0,0.02,0.0,0.0,May,3,2,4,2,Returning_Visitor,True
0,0.0,0,0.0,27,187.0,0.0,0.022222222,0.0,0.0,May,4,2,7,4,Returning_Visitor,False
1,32.33333333,1,56.0,62,2414.9,0.0,0.002222222,30.4615873,0.0,May,2,2,9,2,Returning_Visitor,False
0,0.0,0,0.0,1,0.0,0.2,0.2,0.0,0.0,May,2,5,6,6,Returning_Visitor,False
0,0.0,0,0.0,55,946.3636364,0.010909091,0.025454545,0.0,0.0,Nov,2,2,6,1,Returning_Visitor,True
0,0.0,0,0.0,53,2121.311111,0.020754717,0.060754717,0.0,0.0,June,2,2,1,1,Returning_Visitor,False
2,131.5,0,0.0,26,1960.475,0.007407407,0.024074074,33.69233226,0.0,Nov,1,1,1,2,Returning_Visitor,False
0,0.0,0,0.0,9,1726.5,0.0,0.05,0.0,0.0,Dec,2,4,7,1,Returning_Visitor,False
0,0.0,0,0.0,4,538.0,0.0,0.075,0.0,0.0,Mar,1,1,4,3,Returning_Visitor,True
1,38.0,0,0.0,12,121.0,0.028571429,0.025,0.0,0.0,Mar,3,2,4,2,Returning_Visitor,False
0,0.0,0,0.0,45,1478.07381,0.020454545,0.038636364,0.0,0.0,Nov,2,2,7,13,Returning_Visitor,False
0,0.0,0,0.0,1,0.0,0.2,0.2,0.0,0.0,Nov,1,1,1,20,Returning_Visitor,False
4,53.0,0,0.0,70,2720.7,0.017506494,0.031513142,4.858842857,0.0,May,3,2,1,13,Returning_Visitor,True
0,0.0,0,0.0,27,427.8166667,0.0,0.017283951,0.0,0.0,Nov,2,2,1,1,Returning_Visitor,False
0,0.0,0,0.0,42,602.8833333,0.0,0.004365079,21.26632526,0.0,Sep,6,2,3,1,Returning_Visitor,False
1,0.0,0,0.0,3,178.5,0.0,0.066666667,8.04958574,0.0,Sep,2,6,2,1,Returning_Visitor,False
3,68.58333333,0,0.0,72,1781.191667,0.008219178,0.015174871,0.0,0.0,Nov,1,1,1,8,Returning_Visitor,True
1,20.0,0,0.0,30,1038.791667,0.006666667,0.026666667,0.0,0.0,Nov,3,2,1,2,Returning_Visitor,False
4,138.3333333,0,0.0,3,277.5,0.0,0.011111111,0.0,0.0,May,3,3,3,2,New_Visitor,False
0,0.0,1,68.5,25,927.0,0.007692308,0.034615385,0.0,0.0,Nov,2,2,3,2,Returning_Visitor,True
0,0.0,0,0.0,7,64.0,0.0,0.014285714,0.0,0.0,Mar,2,2,1,3,Returning_Visitor,False
2,86.38888889,0,0.0,29,897.0902778,0.013978495,0.04659824,7.053335001,0.0,Nov,2,2,6,3,Returning_Visitor,False
7,68.4,0,0.0,145,5175.377371,0.002666667,0.008978355,2.042762326,0.0,Aug,2,2,1,1,Returning_Visitor,False
2,40.9,0,0.0,9,437.4,0.018181818,0.027272727,0.0,0.0,Jul,3,2,1,5,Returning_Visitor,True
8,974.0,0,0.0,32,1003.416667,0.005263158,0.010526316,16.61144026,0.0,Dec,2,10,7,2,New_Visitor,True
0,0.0,0,0.0,3,48.0,0.0,0.033333333,0.0,0.0,Mar,2,2,5,1,Returning_Visitor,True
0,0.0,0,0.0,25,929.5833333,0.016,0.0296,0.0,0.0,Dec,3,2,4,13,Returning_Visitor,False
4,423.1,0,0.0,16,982.6,0.0,0.005263158,0.0,0.0,Nov,3,2,2,20,Returning_Visitor,True
0,0.0,0,0.0,25,1690.977778,0.008,0.037333333,0.0,0.0,Mar,1,1,8,1,Returning_Visitor,False
4,362.0,1,61.0,17,819.0,0.0,0.005,0.0,0.0,May,2,2,2,1,Returning_Visitor,False
0,0.0,0,0.0,3,132.4,0.0,0.033333333,0.0,0.0,June,3,2,1,1,Returning_Visitor,False
3,80.625,1,54.0,11,314.25,0.037333333,0.042857143,0.0,0.0,Nov,3,2,2,13,Returning_Visitor,False
0,0.0,0,0.0,48,3177.366667,0.008510638,0.044680851,0.0,0.0,Jul,2,2,5,1,Returning_Visitor,False
0,0.0,0,0.0,1,0.0,0.2,0.2,0.0,0.0,Jul,3,2,4,1,Returning_Visitor,False
6,79.66666667,4,220.0,112,3556.346795,0.008403361,0.021415475,0.0,0.0,Dec,2,4,1,2,Returning_Visitor,False
4,40.5,0,0.0,32,593.5071429,0.0,0.028787879,0.0,0.0,May,3,2,6,3,Returning_Visitor,False
0,0.0,0,0.0,16,1558.25,0.0,0.013244048,0.0,0.0,Nov,3,2,3,2,New_Visitor,True
0,0.0,5,118.5,17,558.3988095,0.022727273,0.046212121,0.0,0.0,Dec,1,8,5,11,Returning_Visitor,False
7,125.4533333,1,44.4,54,2240.996667,0.027118644,0.043050847,21.74067473,0.0,Jul,2,2,6,1,Returning_Visitor,False
0,0.0,0,0.0,28,1250.125,0.0,0.022857143,0.0,0.0,Nov,2,2,1,3,Returning_Visitor,False
0,0.0,0,0.0,3,400.6666667,0.0,0.05,0.0,0.4,May,2,2,1,1,Returning_Visitor,False
10,268.0,2,7.0,24,551.6666667,0.008333333,0.020833333,0.0,0.0,May,2,2,1,2,Returning_Visitor,False
0,0.0,3,541.0,32,776.9232515,0.001176471,0.013779093,0.0,0.0,Nov,1,1,3,20,Returning_Visitor,False
2,115.0,5,151.6666667,21,2080.75,0.011904762,0.045192308,20.37964966,0.0,May,1,1,1,2,Returning_Visitor,False
0,0.0,0,0.0,8,144.0,0.025,0.045833333,0.0,0.0,Mar,3,2,7,3,Returning_Visitor,True
3,91.66666667,2,12.0,29,1347.266667,0.0,0.008854167,0.0,0.0,Dec,2,5,1,1,Returning_Visitor,False
0,0.0,0,0.0,1,0.0,0.2,0.2,0.0,0.0,Dec,1,1,1,1,Returning_Visitor,True
13,315.9666667,1,0.0,15,406.575,0.019047619,0.032380952,0.0,0.0,Mar,3,2,3,2,Returning_Visitor,False
1,28.2,1,36.2,130,9447.578514,0.012661499,0.025758194,0.0,0.0,Sep,1,2,5,1,Returning_Visitor,False
0,0.0,0,0.0,2,3.0,0.0,0.1,0.0,0.6,May,2,10,3,1,Returning_Visitor,False
0,0.0,0,0.0,23,760.25,0.0,0.009090909,0.0,0.0,Mar,2,2,7,2,New_Visitor,False
1,12.0,0,0.0,22,851.25,0.004347826,0.020289855,0.0,0.0,Nov,2,2,1,2,New_Visitor,False
0,0.0,0,0.0,2,0.0,0.2,0.2,0.0,0.0,Mar,3,2,6,1,Returning_Visitor,True
5,107.125,0,0.0,34,916.0,0.0,0.002857143,0.0,0.0,Dec,2,2,2,1,Returning_Visitor,False
3,202.1333333,0,0.0,23,721.1833333,0.0,0.008,0.0,0.0,Sep,1,1,1,2,New_Visitor,False
1,0.0,0,0.0,3,121.2704225,0.0,0.04,36.14032284,0.0,Oct,2,2,1,4,Returning_Visitor,False
2,327.5,0,0.0,7,570.5,0.0,0.028571429,0.0,0.0,Nov,2,2,2,2,Returning_Visitor,False
0,0.0,0,0.0,3,61.5,0.066666667,0.1,0.0,0.0,Dec,3,2,3,8,New_Visitor,False
0,0.0,0,0.0,1,0.0,0.2,0.2,0.0,0.0,Nov,2,5,1,1,Returning_Visitor,True
7,98.17261905,0,0.0,47,1889.953409,0.014814815,0.028251029,0.0,0.0,Nov,2,2,1,1,Returning_Visitor,False
2,31.5,0,0.0,12,402.5,0.0,0.0025,0.0,0.0,Mar,2,2,7,1,Returning_Visitor,False
0,0.0,0,0.0,11,606.5,0.0,0.011111111,0.0,0.0,May,1,8,9,4,Returning_Visitor,True
1,0.0,0,0.0,21,574.722619,0.0,0.018888889,6.284044913,0.0,Mar,2,2,1,2,Returning_Visitor,False
0,0.0,0,0.0,14,242.0833333,0.014285714,0.023809524,0.0,0.0,Nov,1,1,1,2,Returning_Visitor,False
0,0.0,0,0.0,9,138.5,0.022222222,0.047619048,0.0,0.6,May,1,1,2,2,Returning_Visitor,False
1,45.0,0,0.0,10,413.0,0.0,0.009090909,0.0,0.0,Mar,2,4,1,1,Returning_Visitor,True
0,0.0,0,0.0,28,1555.601212,0.0,0.009511278,0.0,0.0,Nov,3,2,2,2,Returning_Visitor,False
0,0.0,0,0.0,4,118.0,0.0,0.025,0.0,0.0,May,1,1,8,3,Returning_Visitor,False
1,44.0,0,0.0,56,2075.983333,0.0,0.014545455,13.81852727,0.0,May,2,5,2,3,Returning_Visitor,False
3,58.0,0,0.0,23,364.1666667,0.004,0.02,0.0,0.0,Mar,2,2,1,3,Returning_Visitor,False
0,0.0,0,0.0,44,691.252381,0.013953488,0.029457364,0.0,0.0,Nov,2,6,5,1,Returning_Visitor,False
5,200.8333333,0,0.0,44,1909.080556,0.004761905,0.018253968,0.0,0.0,Dec,1,8,1,10,Returning_Visitor,False
0,0.0,0,0.0,15,1861.5,0.0,0.026666667,0.0,0.0,May,3,3,4,3,Returning_Visitor,False
18,514.075,4,67.5,178,6630.479365,0.003645833,0.010805067,0.0,0.0,Nov,3,2,1,8,Returning_Visitor,False
0,0.0,0,0.0,2,19.0,0.0,0.1,0.0,0.0,Mar,1,1,1,1,Returning_Visitor,False
0,0.0,0,0.0,12,1437.75,0.016666667,0.066666667,0.0,0.0,Nov,2,2,3,1,Returning_Visitor,False
0,0.0,0,0.0,23,996.4380952,0.0,0.019927536,0.0,0.8,May,3,2,8,4,Returning_Visitor,False
0,0.0,0,0.0,19,926.6333333,0.011111111,0.02962963,0.0,0.0,Mar,2,2,2,1,Returning_Visitor,True
0,0.0,0,0.0,29,3312.5,0.013793103,0.028965517,0.0,0.0,Mar,2,2,1,13,Returning_Visitor,False
0,0.0,1,39.5,357,8864.036841,0.001685393,0.007310889,9.964255807,0.0,Nov,2,2,1,2,Returning_Visitor,False
0,0.0,0,0.0,3,54.5,0.0,0.066666667,0.0,0.0,Nov,2,5,2,3,Returning_Visitor,False
3,109.0,0,0.0,6,131.0,0.0,0.028571429,0.0,0.0,May,1,1,7,3,New_Visitor,False
0,0.0,0,0.0,5,91.0,0.0,0.06,0.0,0.6,May,1,1,1,3,Returning_Visitor,False
0,0.0,0,0.0,19,696.875,0.010526316,0.035087719,0.0,0.0,Dec,1,2,4,2,Returning_Visitor,False
6,57.25,0,0.0,36,1930.410714,0.0125,0.018083333,21.39566828,0.0,Nov,1,1,1,2,Returning_Visitor,False
0,0.0,0,0.0,37,356.1666667,0.002702703,0.012162162,0.0,0.4,May,2,2,1,2,Returning_Visitor,False
1,37.0,0,0.0,10,240.4166667,0.018181818,0.022727273,0.0,0.0,May,2,2,3,3,New_Visitor,True
0,0.0,0,0.0,1,0.0,0.2,0.2,0.0,0.0,Dec,1,1,4,1,Returning_Visitor,True
4,77.5,0,0.0,17,678.25,0.0,0.031578947,0.0,0.0,Nov,1,2,1,3,Returning_Visitor,False
2,23.0,0,0.0,22,335.6666667,0.0,0.011904762,0.0,0.0,May,2,2,1,2,New_Visitor,True
1,23.2,0,0.0,30,964.4666667,0.0,0.003571429,51.03362522,0.0,Oct,2,2,5,2,New_Visitor,False
8,381.45,2,64.5,31,1363.7,0.011111111,0.027830688,13.89178731,0.0,Nov,1,1,1,2,Returning_Visitor,False
8,114.5,0,0.0,36,513.4,0.004166667,0.035238095,16.09065,0.6,May,2,2,1,3,Returning_Visitor,False
3,117.8,0,0.0,62,2032.39696,0.005230769,0.01881429,0.0,0.0,Sep,3,2,6,4,Returning_Visitor,False
15,365.1111111,4,848.4166667,113,5882.174206,0.0,0.006584897,1.033764021,0.0,May,2,2,3,2,Returning_Visitor,False
3,167.0,0,0.0,42,1246.12,0.0,0.008888889,0.0,0.0,Aug,2,4,1,3,Returning_Visitor,False
2,32.2,1,0.0,20,342.6866667,0.0,0.009090909,0.0,0.0,Aug,2,2,1,4,New_Visitor,False
0,0.0,0,0.0,30,4262.966667,0.0,0.013333333,65.29516039,0.0,Dec,2,10,7,1,Returning_Visitor,True
0,0.0,0,0.0,30,1438.0,0.0,0.013793103,100.1655678,0.0,Nov,4,1,1,3,Returning_Visitor,False
0,0.0,0,0.0,55,872.5916667,0.0,0.001212121,0.0,0.0,Aug,2,4,1,4,New_Visitor,True
0,0.0,0,0.0,5,1289.0,0.066666667,0.084,0.0,0.0,Nov,3,2,1,13,Returning_Visitor,False
5,318.0,0,0.0,36,1837.966667,0.032894737,0.044423559,0.0,0.4,May,3,2,1,11,Returning_Visitor,False
0,0.0,0,0.0,81,1950.840873,0.004938272,0.024773663,0.0,0.0,Nov,2,2,1,2,Returning_Visitor,False
1,255.0,0,0.0,35,1178.0,0.035294118,0.064705882,0.0,1.0,May,3,2,3,4,Returning_Visitor,True
1,32.75,1,11.0,43,2949.55,0.015909091,0.027164502,0.0,0.8,May,3,2,1,13,Returning_Visitor,False
0,0.0,1,0.0,10,210.25,0.0,0.018181818,0.0,0.0,Nov,1,1,1,2,New_Visitor,False
2,61.0,0,0.0,5,97.0,0.0,0.04,0.0,0.0,Mar,2,2,1,1,Returning_Visitor,False
1,15.0,1,0.0,62,969.15,0.001092896,0.027790788,0.0,0.0,May,2,2,3,2,Returning_Visitor,False
8,245.1666667,2,114.5,129,3098.912088,0.0,0.001704261,9.073052632,0.0,May,2,4,1,4,Returning_Visitor,True
1,13.0,0,0.0,15,524.5,0.0,0.013333333,33.9612,0.0,May,3,2,1,6,Returning_Visitor,False
4,166.5,1,27.0,21,452.8141026,0.044,0.047238095,0.0,0.0,May,3,2,4,3,Returning_Visitor,False
0,0.0,0,0.0,9,196.0,0.0,0.022222222,0.0,0.0,Mar,2,2,3,10,Returning_Visitor,False
9,208.4,0,0.0,13,177.7333333,0.0,0.03125,0.0,0.0,May,1,1,8,4,Returning_Visitor,False
0,0.0,0,0.0,9,125.5,0.0,0.007407407,0.0,0.0,Nov,2,2,7,11,Returning_Visitor,False
5,1321.25,0,0.0,7,54.5,0.0,0.04,0.0,0.2,May,3,2,2,2,Returning_Visitor,False
1,37.5,0,0.0,5,65.5,0.033333333,0.066666667,0.0,0.0,Nov,1,1,3,3,New_Visitor,False
0,0.0,0,0.0,2,100.0,0.0,0.1,0.0,0.0,Nov,2,2,3,3,Returning_Visitor,True
3,22.33333333,1,0.0,105,2900.638469,0.009433962,0.021263103,0.0,0.0,May,2,2,8,4,Returning_Visitor,True
6,27.0,1,0.0,141,6481.483333,0.0,0.019984285,1.257438906,0.0,Nov,2,2,1,2,Returning_Visitor,False
9,102.8666667,3,339.5,29,693.2541667,0.0,0.014705882,77.64914484,0.0,Dec,2,10,1,2,Returning_Visitor,False
9,266.7433333,4,1312.4,26,743.4766667,0.0,0.021969697,9.284545518,0.0,Nov,2,7,1,2,Returning_Visitor,True
2,17.33333333,0,0.0,89,3401.3,0.002222222,0.014835979,5.133911853,0.0,Nov,2,2,1,2,Returning_Visitor,True
3,59.2,0,0.0,9,1261.7,0.016666667,0.05,0.0,0.0,Aug,2,5,1,5,Returning_Visitor,False
0,0.0,0,0.0,1,0.0,0.2,0.2,0.0,0.0,May,3,2,3,15,Returning_Visitor,True
0,0.0,0,0.0,7,295.0,0.028571429,0.057142857,0.0,0.0,Nov,2,4,1,2,Returning_Visitor,False
0,0.0,0,0.0,4,163.5,0.0,0.025,0.0,0.0,Nov,3,6,2,2,Returning_Visitor,False
2,39.0,0,0.0,9,128.0,0.0,0.018181818,0.0,0.0,May,2,2,1,2,New_Visitor,False
1,5.0,0,0.0,8,203.0,0.0,0.00952381,0.0,0.0,Dec,2,4,1,2,New_Visitor,False
5,42.18181818,0,0.0,12,231.1818182,0.0,0.01,0.0,0.0,Mar,2,2,1,2,New_Visitor,True
8,117.5,0,0.0,8,104.5,0.0,0.016666667,0.0,0.0,Nov,1,1,2,2,Returning_Visitor,True
4,55.0,3,17.25,100,1284.361822,0.001923077,0.011603935,0.0,0.0,Dec,1,1,1,10,Returning_Visitor,False
1,45.5,3,58.0,6,311.5,0.0,0.0125,0.0,0.0,May,3,2,6,2,New_Visitor,True
0,0.0,0,0.0,4,251.0,0.05,0.1,0.0,0.0,Nov,2,2,4,3,Returning_Visitor,False
4,89.5,0,0.0,3,30.0,0.0,0.033333333,0.0,0.0,May,1,1,1,2,Returning_Visitor,True
1,51.4,0,0.0,41,883.1395238,0.017948718,0.033333333,48.7880688,0.0,Jul,2,2,3,3,Returning_Visitor,False
1,21.25,1,0.0,23,1171.071429,0.007407407,0.039506173,11.07703164,0.0,Dec,2,2,7,1,Returning_Visitor,False
1,38.0,1,16.0,30,1522.816667,0.026666667,0.027333333,0.0,0.0,May,3,2,2,13,Returning_Visitor,False
0,0.0,0,0.0,3,17.0,0.0,0.066666667,0.0,0.0,May,2,2,9,3,Returning_Visitor,False
1,0.0,0,0.0,21,405.7095238,0.010743802,0.047002635,0.0,0.0,Feb,1,1,1,4,Returning_Visitor,False
9,211.5,4,222.0,30,2266.270833,0.005263158,0.029874687,0.0,0.0,Nov,3,2,1,2,Returning_Visitor,False
0,0.0,0,0.0,11,1027.0,0.0,0.054545455,0.0,0.0,Nov,2,2,2,3,Returning_Visitor,False
0,0.0,0,0.0,16,318.75,0.0,0.004166667,0.0,0.0,Nov,2,2,7,1,Returning_Visitor,False
2,28.05714286,0,0.0,73,2260.857143,0.002666667,0.018933333,0.0,0.0,June,2,2,7,4,Returning_Visitor,True
0,0.0,0,0.0,7,242.75,0.014285714,0.047619048,0.0,0.0,Nov,3,2,3,11,Returning_Visitor,True
2,46.4,0,0.0,8,349.0,0.02,0.08,0.0,0.0,Aug,4,1,1,1,Returning_Visitor,False
0,0.0,0,0.0,4,68.0,0.0,0.05,0.0,0.0,May,2,2,1,6,Returning_Visitor,False
0,0.0,0,0.0,4,56.5,0.05,0.1,0.0,0.4,May,1,1,1,3,Returning_Visitor,False
0,0.0,0,0.0,5,125.75,0.066666667,0.14,0.0,0.0,Nov,3,2,1,10,Returning_Visitor,True
0,0.0,0,0.0,2,46.5,0.0,0.05,0.0,0.0,Dec,1,1,2,2,New_Visitor,False
17,195.4864719,1,60.5,94,2267.472565,0.002111614,0.008213489,4.511078764,0.0,Nov,3,2,3,2,Returning_Visitor,False
0,0.0,0,0.0,6,1098.5,0.066666667,0.1,0.0,0.0,Dec,2,2,7,1,Returning_Visitor,False
3,40.2,0,0.0,11,201.1333333,0.0,0.02,0.0,0.0,June,2,2,2,1,New_Visitor,False
6,203.5,0,0.0,13,645.5,0.0,0.004166667,0.0,0.6,May,2,2,3,2,New_Visitor,False
5,60.5,0,0.0,9,111.5,0.026666667,0.04,0.0,0.0,Nov,2,2,9,1,Returning_Visitor,False
9,97.64285714,0,0.0,37,584.5958874,0.005128205,0.013043478,0.0,0.0,Mar,2,4,1,3,Returning_Visitor,True
0,0.0,0,0.0,6,203.15,0.0,0.051111111,0.0,0.0,Mar,2,2,7,2,Returning_Visitor,False
3,86.95,6,173.2,17,481.31,0.0,0.0,27.69500776,0.0,Nov,2,2,9,20,New_Visitor,False
